{"stats":{"minecraft:crafted":{"minecraft:crafting_table":1,"minecraft:spruce_planks":324,"spartanshields:stone_basic_shield":1,"thirst:terracotta_water_bowl":9,"minecraft:stone_axe":1,"minecraft:stick":4,"spartanshields:wooden_basic_shield":1,"minecraft:torch":20},"minecraft:used":{"minecraft:stone_pickaxe":15,"minecraft:ladder":1,"farmersdelight:cabbage_seeds":4,"minecraft:spruce_planks":7,"vanillaplustools:stone_hammer":27,"minecraft:dirt":3,"minecraft:crafting_table":1,"minecraft:carrot":37,"thirst:terracotta_water_bowl":7,"spartanshields:stone_basic_shield":5,"minecraft:iron_pickaxe":24,"minecraft:spruce_sapling":4,"minecraft:stone_bricks":7,"minecraft:stone_axe":89,"mutantmonsters:hulk_hammer":2,"minecraft:sweet_berries":1},"minecraft:picked_up":{"minecraft:crafting_table":1,"minecraft:ladder":1,"minecraft:andesite":9,"minecraft:potato":3,"minecraft:weathered_cut_copper_stairs":1,"minecraft:dirt":9,"zombie_extreme:raw_steel":1,"cgm:grenade":5,"zombie_extreme:raw_lead":2,"minecraft:stone_bricks":10,"minecraft:cracked_stone_bricks":2,"minecraft:wheat_seeds":3,"farmersdelight:cabbage":4,"minecraft:stone_pickaxe":1,"minecraft:mossy_stone_bricks":1,"zombie_extreme:oil_shale":6,"farmersdelight:cabbage_seeds":11,"minecraft:stick":4,"minecraft:raw_iron":2,"minecraft:sweet_berries":2,"minecraft:spruce_sapling":14,"minecraft:diorite":15,"minecraft:spruce_log":81,"minecraft:carrot":48,"minecraft:coal":11,"minecraft:rail":1,"minecraft:cobblestone":100},"minecraft:mined":{"minecraft:crafting_table":1,"minecraft:ladder":1,"minecraft:grass_block":1,"farmersdelight:cabbages":4,"minecraft:cobblestone":8,"minecraft:diorite":15,"minecraft:carrots":13,"minecraft:iron_ore":2,"zombie_extreme:ore_lead":2,"minecraft:wheat":4,"minecraft:sweet_berry_bush":1,"zombie_extreme:ore_steel":1,"minecraft:spruce_log":85,"minecraft:andesite":9,"minecraft:grass":3,"minecraft:potatoes":1,"minecraft:coal_ore":11,"zombie_extreme:oil_shale_sand":6,"minecraft:rail":1,"minecraft:dirt":2,"minecraft:cracked_stone_bricks":2,"minecraft:stone_bricks":10,"minecraft:stone":142,"minecraft:mossy_stone_bricks":1},"minecraft:custom":{"minecraft:interact_with_furnace":4,"spartanshields:shield_bash_hits":1,"minecraft:interact_with_anvil":2,"minecraft:mob_kills":1,"minecraft:interact_with_crafting_table":4,"minecraft:time_since_death":31291,"minecraft:sleep_in_bed":2,"minecraft:climb_one_cm":11332,"minecraft:time_since_rest":7587,"minecraft:sprint_one_cm":75567,"minecraft:damage_taken":650,"minecraft:walk_one_cm":124740,"minecraft:damage_blocked_by_shield":200,"minecraft:drop":2,"minecraft:damage_dealt":256,"minecraft:fly_one_cm":21403,"minecraft:open_chest":11,"minecraft:crouch_one_cm":310,"minecraft:play_time":38648,"minecraft:deaths":1,"minecraft:sneak_time":750,"minecraft:walk_under_water_one_cm":5200,"minecraft:jump":208,"minecraft:walk_on_water_one_cm":5677,"minecraft:total_world_time":38648,"minecraft:fall_one_cm":5176},"minecraft:killed_by":{"zombie_extreme:infected_military":1},"minecraft:dropped":{"minecraft:dirt":6,"minecraft:stone_pickaxe":1}},"DataVersion":3120}