{"stats":{"minecraft:picked_up":{"minecraft:ladder":1,"minecraft:cobblestone":3},"minecraft:used":{"minecraft:wooden_pickaxe":3},"minecraft:custom":{"minecraft:open_chest":1,"minecraft:time_since_rest":5762,"minecraft:leave_game":2,"minecraft:play_time":5762,"minecraft:walk_on_water_one_cm":118,"minecraft:time_since_death":5762,"minecraft:walk_one_cm":3975,"minecraft:sneak_time":126,"minecraft:climb_one_cm":7311,"minecraft:total_world_time":6206,"minecraft:walk_under_water_one_cm":2429,"minecraft:fly_one_cm":26,"minecraft:jump":11},"minecraft:mined":{"minecraft:ladder":1,"minecraft:cobblestone":3}},"DataVersion":3120}