{"stats":{"minecraft:picked_up":{"minecraft:ladder":1,"minecraft:leather":2,"minecraft:wooden_pickaxe":1,"minecraft:oak_log":10,"minecraft:gunpowder":2000,"minecraft:dirt":3,"minecraft:rotten_flesh":3,"minecraft:wheat_seeds":1,"zombie_extreme:rotten_apple":1,"minecraft:beef":4,"minecraft:iron_ingot":17,"minecraft:oak_sapling":1,"minecraft:oak_planks":7,"minecraft:cobblestone":16,"minecraft:egg":1},"minecraft:mined":{"minecraft:ladder":1,"minecraft:grass":2,"minecraft:grass_block":3,"minecraft:oak_log":10,"minecraft:cobblestone":3,"minecraft:stone":12,"minecraft:oak_planks":7},"minecraft:killed":{"minecraft:zombie":1,"zombie_extreme:infected_police":1,"zombie_extreme:runner":1,"minecraft:cow":2},"minecraft:used":{"minecraft:glass":93,"minecraft:wooden_axe":6,"minecraft:stone_sword":7,"minecraft:lava_bucket":1,"minecraft:oak_planks":9,"minecraft:wooden_pickaxe":15,"minecraft:zombie_spawn_egg":1,"zombie_extreme:rotten_apple":1,"simpleshops:creative_simple_shop":9,"minecraft:stone_axe":17,"minecraft:cut_copper_stairs":3,"minecraft:dirt":2,"minecraft:cobblestone":1,"simpleshops:simple_shop":5,"minecraft:crafting_table":3,"minecraft:oak_sapling":1,"minecraft:bucket":1,"minecraft:egg":1},"minecraft:custom":{"minecraft:time_since_rest":5345,"minecraft:sprint_one_cm":34768,"minecraft:damage_taken":890,"minecraft:walk_one_cm":76146,"minecraft:mob_kills":5,"minecraft:drop":63,"minecraft:damage_dealt":956,"minecraft:interact_with_crafting_table":3,"minecraft:fly_one_cm":173895,"minecraft:open_chest":2,"minecraft:crouch_one_cm":3477,"minecraft:play_time":36208,"minecraft:deaths":3,"minecraft:sneak_time":2044,"minecraft:walk_under_water_one_cm":2429,"minecraft:jump":301,"minecraft:leave_game":3,"minecraft:time_since_death":5318,"minecraft:walk_on_water_one_cm":118,"minecraft:total_world_time":36652,"minecraft:climb_one_cm":14505,"minecraft:fall_one_cm":9907},"minecraft:killed_by":{"minecraft:cow":1,"minecraft:zombie":1},"minecraft:dropped":{"minecraft:lava_bucket":1,"minecraft:iron_ingot":41,"minecraft:zombie_spawn_egg":1,"minecraft:gunpowder":2872,"simpleshops:simple_shop":64,"minecraft:diamond":1,"minecraft:wooden_axe":1,"minecraft:cut_copper_stairs":64,"minecraft:cobblestone":1,"minecraft:glass":64,"simpleshops:creative_simple_shop":64,"minecraft:wooden_pickaxe":2,"minecraft:string":64,"minecraft:bucket":1},"minecraft:crafted":{"minecraft:oak_planks":40,"minecraft:crafting_table":3,"minecraft:stick":20,"minecraft:stone_pickaxe":1,"minecraft:wooden_pickaxe":1,"minecraft:wooden_axe":1,"minecraft:stone_sword":1,"minecraft:stone_axe":1}},"DataVersion":3120}