{"stats":{"minecraft:killed":{"zombie_extreme:night_hunter":9,"zombie_extreme:infected_juggernaut":3,"minecraft:zombie_horse":1,"zombie_extreme:divided":1,"minecraft:chicken":1,"zombie_extreme:ram":1,"minecraft:pig":1,"minecraft:zombie_villager":3,"zombie_extreme:infected_hazmat":6,"minecraft:salmon":1,"zombie_extreme:bomber":5,"zombie_extreme:chainsaw":9,"minecraft:sheep":7,"minecraft:zombie":256,"zombie_extreme:infected_police":12,"zombie_extreme:devastated":1,"mutantmonsters:mutant_creeper":1,"zombie_extreme:fetus":2,"minecraft:cow":7,"minecraft:drowned":33,"kevin_trophy:spitter_zombie":2,"zombie_extreme:runner":13,"zombie_extreme:crawler":8,"minecraft:husk":27,"zombie_extreme:boomer":8,"zombie_extreme:infected":12,"zombie_extreme:infected_military":4,"zombie_extreme:military":3,"kevin_trophy:crawler_zombie":2,"zombie_extreme:assasin_black_ops":1,"mutantmonsters:mutant_zombie":1},"minecraft:crafted":{"minecraft:oak_planks":236,"spartanshields:wooden_tower_shield":1,"minecraft:stone":16,"securitycraft:keypad_item":2,"k_turrets:titanium_ingot":29,"minecraft:heavy_weighted_pressure_plate":2,"minecraft:cooked_mutton":14,"minecraft:bow":4,"minecraft:melon_seeds":2,"minecraft:chest":14,"vanillaplustools:stone_shovel":3,"minecraft:oak_fence":48,"minecraft:crafting_table":11,"minecraft:spruce_planks":144,"farmersdelight:iron_knife":1,"minecraft:wooden_pickaxe":1,"minecraft:copper_ingot":147,"minecraft:birch_planks":44,"minecraft:acacia_button":2,"minecraft:pumpkin_seeds":4,"minecraft:dispenser":4,"minecraft:stick":384,"minecraft:iron_ingot":102,"minecraft:iron_pickaxe":2,"minecraft:stone_sword":3,"minecraft:gold_ingot":15,"minecraft:shears":1,"minecraft:stone_shovel":28,"vanillaplustools:stone_hammer":9,"minecraft:leather_boots":1,"minecraft:iron_nugget":36,"minecraft:furnace":2,"minecraft:stone_button":16,"minecraft:mushroom_stew":1,"spartanshields:stone_tower_shield":1,"spartanweaponry:stone_longsword":1,"minecraft:stone_pickaxe":83,"cgm:workbench":2,"minecraft:cooked_beef":7,"k_turrets:cobble_turret_item":3,"minecraft:bowl":4,"spartanweaponry:handle":4,"thirst:terracotta_water_bowl":322,"minecraft:stone_axe":2,"farmersdelight:sweet_berry_cookie":8,"minecraft:air":0,"minecraft:oak_boat":1,"minecraft:white_wool":1,"minecraft:gold_nugget":9,"minecraft:wooden_axe":1,"minecraft:white_bed":1,"minecraft:acacia_planks":36,"minecraft:torch":60,"k_turrets:bullet_turret_item":1},"minecraft:used":{"spartanweaponry:stone_longsword":88,"farmersdelight:cabbage_seeds":2,"minecraft:chest":18,"minecraft:iron_sword":267,"minecraft:zombie_spawn_egg":1,"securitycraft:keypad_item":2,"minecraft:carrot":78,"minecraft:weathered_cut_copper_stairs":1,"minecraft:acacia_button":2,"farmersdelight:sweet_berry_cookie":8,"minecraft:milk_bucket":2,"minecraft:glass":93,"spartanweaponry:iron_longsword":20,"minecraft:lava_bucket":1,"farmersdelight:tomato":1,"minecraft:quartz_block":10,"minecraft:stone_bricks":26,"minecraft:sweet_berries":160,"mutantmonsters:hulk_hammer":25,"minecraft:oak_sapling":12,"minecraft:furnace":3,"k_turrets:bullet_turret_item":1,"minecraft:egg":2,"minecraft:potato":18,"spartanweaponry:iron_greatsword":34,"bunker_down:steel_vent":2,"minecraft:mossy_stone_bricks":2,"minecraft:diorite":27,"minecraft:cow_spawn_egg":2,"minecraft:stone_pickaxe":439,"minecraft:oak_planks":13,"minecraft:wooden_pickaxe":15,"farmersdelight:organic_compost":6,"minecraft:sand":3,"simpleshops:simple_shop":5,"minecraft:mushroom_stew":1,"minecraft:light_gray_terracotta":2,"spartanshields:stone_tower_shield":90,"minecraft:pumpkin_seeds":4,"minecraft:exposed_copper":1,"spartanweaponry:iron_saber":44,"minecraft:bread":11,"minecraft:iron_door":1,"minecraft:andesite":51,"projectarsenal:ar15_classic":1837,"minecraft:oak_boat":1,"minecraft:cobweb":8,"scorchedguns:ooz_96":48,"k_turrets:cobble_turret_item":3,"minecraft:oak_fence":25,"zombie_extreme:butcher_knife":9,"minecraft:enchanting_table":1,"minecraft:stone_sword":221,"minecraft:stone_shovel":48,"minecraft:spruce_planks":28,"vanillaplustools:stone_hammer":1000,"minecraft:stone_hoe":11,"minecraft:cut_copper_stairs":3,"minecraft:exposed_cut_copper_stairs":2,"minecraft:torch":78,"minecraft:dirt":292,"cgm:workbench":2,"minecraft:granite":2,"minecraft:wooden_axe":6,"minecraft:melon_seeds":2,"minecraft:beef":1,"minecraft:cooked_beef":7,"farmersdelight:tomato_seeds":12,"minecraft:acacia_planks":1,"minecraft:light_gray_bed":5,"minecraft:wheat_seeds":19,"minecraft:cooked_mutton":14,"farmersdelight:iron_knife":99,"minecraft:water_bucket":6,"minecraft:birch_planks":5,"minecraft:baked_potato":54,"minecraft:brown_mushroom":8,"minecraft:sheep_spawn_egg":2,"zombie_extreme:rotten_apple":1,"minecraft:cracked_stone_bricks":3,"farmersdelight:onion":4,"minecraft:crafting_table":12,"vanillaplustools:stone_shovel":112,"minecraft:red_mushroom":11,"minecraft:white_bed":6,"thirst:terracotta_water_bowl":204,"minecraft:apple":9,"minecraft:pig_spawn_egg":2,"minecraft:iron_pickaxe":332,"minecraft:spruce_sapling":2,"simpleshops:creative_simple_shop":9,"minecraft:stone_axe":255,"minecraft:cobblestone":464,"minecraft:porkchop":1,"minecraft:bucket":6,"minecraft:yellow_bed":3},"minecraft:broken":{"spartanshields:stone_tower_shield":1,"taccraft:assault_vest_boots":1,"taccraft:assault_vest_helmet":1,"minecraft:stone_pickaxe":1,"minecraft:stone_axe":1,"taccraft:assault_vest_leggings":1,"minecraft:stone_sword":1,"vanillaplustools:stone_hammer":6,"minecraft:iron_pickaxe":1},"minecraft:picked_up":{"minecraft:wheat":5,"cgm:basic_bullet":2725,"minecraft:exposed_copper":1,"minecraft:anvil":2,"minecraft:brewing_stand":1,"projectarsenal:ar15_classic":1,"farmersdelight:cutting_board":1,"minecraft:string":185,"minecraft:weathered_cut_copper_stairs":19,"minecraft:raw_copper":247,"minecraft:smooth_stone_slab":1,"minecraft:beetroot":5,"zombie_extreme:golf_club":1,"minecraft:cobbled_deepslate":1737,"minecraft:spruce_planks":86,"zombie_extreme:police_suit_helmet":1,"spartanweaponry:iron_flanged_mace":1,"zombie_extreme:ruby":2,"minecraft:furnace":1,"farmersdelight:cabbage_seeds":2,"zombie_extreme:raw_aluminum":3,"minecraft:stick":41,"bunker_down:airlock_iron_trapdoor":1,"minecraft:oak_fence":4,"minecraft:torch":22,"minecraft:acacia_log":9,"minecraft:porkchop":7,"minecraft:diorite":251,"mutantmonsters:hulk_hammer":1,"minecraft:quartz_block":55,"minecraft:rotten_flesh":267,"minecraft:light_gray_bed":7,"farmersdelight:tree_bark":6,"farmersdelight:onion":3,"zombie_extreme:rotten_apple":26,"minecraft:cyan_terracotta":1,"minecraft:iron_bars":5,"minecraft:cobblestone":5028,"minecraft:enchanting_table":1,"minecraft:birch_log":11,"minecraft:iron_door":2,"minecraft:andesite":300,"bunker_down:steel_vent":2,"minecraft:potato":22,"minecraft:flint":2,"minecraft:tuff":108,"minecraft:lantern":1,"minecraft:lapis_lazuli":107,"farmersdelight:tomato":3,"minecraft:dirt":1367,"spartanweaponry:iron_rapier":2,"minecraft:bone":5,"minecraft:exposed_cut_copper_stairs":4,"zombie_extreme:washing_machine":1,"taccraft:assault_vest_boots":1,"spartanweaponry:iron_greatsword":3,"minecraft:wheat_seeds":111,"minecraft:raw_gold":8,"minecraft:mossy_stone_bricks":13,"minecraft:oak_planks":7,"spartanweaponry:iron_saber":3,"minecraft:sand":66,"minecraft:ink_sac":5,"minecraft:fermented_spider_eye":1,"minecraft:light_gray_concrete":20,"minecraft:light_gray_terracotta":20,"minecraft:sugar":1,"minecraft:diamond":12,"minecraft:slime_block":3,"scorchedguns:ooz_96":1,"minecraft:granite":389,"minecraft:bread":7,"minecraft:oak_sapling":53,"zombie_extreme:titan_nugget":1,"minecraft:bricks":2,"minecraft:crafting_table":1,"minecraft:allium":9,"minecraft:ladder":1,"minecraft:brown_mushroom":26,"minecraft:wooden_pickaxe":1,"zombie_extreme:raw_tin":13,"zombie_extreme:juggernaut_suit_helmet":1,"minecraft:brick":5,"minecraft:cornflower":2,"minecraft:cracked_stone_bricks":11,"minecraft:beef":12,"farmersdelight:straw":20,"minecraft:spruce_slab":2,"minecraft:sugar_cane":2,"minecraft:chest":4,"minecraft:birch_sapling":6,"minecraft:egg":9,"minecraft:raw_iron":129,"zombie_extreme:soda_used":1,"minecraft:copper_ingot":1,"scorchedguns:wooden_stock":1,"zombie_extreme:canned_stew":1,"minecraft:carrot":74,"minecraft:redstone":15,"zombie_extreme:green_apple":1,"minecraft:beetroot_seeds":11,"k_turrets:raw_titanium":15,"minecraft:mutton":8,"minecraft:white_wool":19,"minecraft:oxidized_cut_copper_stairs":1,"taccraft:assault_vest_helmet":1,"minecraft:leather":9,"spartanweaponry:iron_longsword":2,"minecraft:red_mushroom":33,"minecraft:oak_log":123,"zombie_extreme:bronze_nugget":2,"minecraft:cobblestone_wall":4,"minecraft:yellow_bed":2,"minecraft:gunpowder":2069,"minecraft:paper":1,"zombie_extreme:raw_steel":8,"minecraft:white_banner":1,"zombie_extreme:raw_lead":10,"farmersdelight:organic_compost":6,"minecraft:apple":4,"minecraft:stone_bricks":97,"thirst:terracotta_water_bowl":1,"minecraft:iron_ingot":52,"minecraft:stone_pickaxe":1,"zombie_extreme:magnetic_card":1,"zombie_extreme:cloth":4,"spartanweaponry:iron_dagger":1,"minecraft:iron_sword":1,"minecraft:acacia_sapling":5,"taccraft:assault_vest_leggings":1,"minecraft:book":36,"minecraft:sweet_berries":206,"minecraft:quartz":2,"minecraft:dandelion":1,"minecraft:gravel":34,"minecraft:spruce_sapling":8,"minecraft:white_bed":5,"minecraft:spruce_log":86,"taccraft:assault_vest_chestplate":1,"vanillaplustools:stone_hammer":2,"minecraft:baked_potato":17,"minecraft:melon_seeds":4,"minecraft:coal":249,"minecraft:ender_pearl":1},"minecraft:mined":{"minecraft:farmland":18,"minecraft:spruce_planks":1,"minecraft:white_bed":4,"minecraft:oak_sapling":1,"minecraft:brewing_stand":1,"minecraft:granite":385,"minecraft:acacia_log":9,"minecraft:grass_block":611,"zombie_extreme:deepslate_lead":8,"minecraft:light_gray_bed":6,"minecraft:spawner":9,"minecraft:light_blue_stained_glass":17,"minecraft:tall_seagrass":5,"minecraft:iron_ore":103,"zombie_extreme:ore_steel":8,"minecraft:anvil":2,"minecraft:enchanting_table":1,"zombie_extreme:deepslate_tin":9,"minecraft:dirt_path":17,"minecraft:iron_bars":1,"minecraft:light_gray_concrete":20,"minecraft:spruce_slab":1,"zombie_extreme:washing_machine":1,"minecraft:deepslate_redstone_ore":3,"minecraft:brown_mushroom":9,"minecraft:quartz_block":16,"minecraft:cyan_terracotta":1,"farmersdelight:organic_compost":6,"minecraft:torch":9,"minecraft:light_gray_terracotta":1,"minecraft:chest":3,"minecraft:white_stained_glass_pane":1,"farmersdelight:brown_mushroom_colony":4,"zombie_extreme:barbed_fence":1,"minecraft:cobblestone":175,"minecraft:oak_planks":7,"minecraft:iron_door":3,"minecraft:wall_torch":3,"minecraft:seagrass":1,"zombie_extreme:deepslate_ruby":1,"zombie_extreme:metal_fence":1,"zombie_extreme:thorium_ore":1,"minecraft:birch_log":11,"minecraft:wheat":5,"zombie_extreme:deepslate_steel":4,"minecraft:smooth_stone_slab":1,"minecraft:grass":241,"minecraft:oak_log":123,"minecraft:beetroots":5,"minecraft:sand":64,"minecraft:dirt":63,"minecraft:oak_leaves":2,"minecraft:deepslate":3176,"minecraft:tuff":114,"minecraft:blue_stained_glass_pane":2,"minecraft:deepslate_diamond_ore":12,"farmersdelight:wild_carrots":16,"minecraft:ladder":1,"minecraft:white_stained_glass":1,"farmersdelight:wild_cabbages":2,"minecraft:spruce_leaves":3,"minecraft:red_mushroom":7,"farmersdelight:red_mushroom_colony":4,"minecraft:large_fern":6,"farmersdelight:wild_onions":4,"minecraft:carrots":15,"zombie_extreme:ore_lead":1,"minecraft:andesite":249,"bunker_down:steel_vent":2,"minecraft:bookshelf":12,"minecraft:potatoes":5,"minecraft:deepslate_iron_ore":11,"minecraft:stone":4406,"zombie_extreme:deepslate_aluminum":3,"minecraft:podzol":57,"zombie_extreme:ore_aluminum":1,"minecraft:dandelion":2,"minecraft:cornflower":1,"minecraft:oak_fence":4,"minecraft:crafting_table":1,"minecraft:tall_grass":28,"minecraft:copper_ore":65,"minecraft:lapis_ore":11,"minecraft:deepslate_gold_ore":8,"minecraft:diorite":295,"zombie_extreme:ore_tin":4,"minecraft:cobblestone_wall":4,"minecraft:sweet_berry_bush":55,"minecraft:spruce_log":59,"minecraft:yellow_bed":2,"k_turrets:titanium_ore":15,"minecraft:coal_ore":227,"minecraft:gravel":8,"minecraft:cobweb":2,"minecraft:cracked_stone_bricks":9,"minecraft:stone_bricks":67,"minecraft:mossy_stone_bricks":4},"minecraft:custom":{"minecraft:animals_bred":1,"minecraft:interact_with_crafting_table":53,"minecraft:open_barrel":4,"minecraft:leave_game":11,"minecraft:time_since_death":49639,"minecraft:sprint_one_cm":1379591,"minecraft:damage_blocked_by_shield":2084,"minecraft:drop":306,"minecraft:play_time":520799,"minecraft:deaths":19,"minecraft:jump":7091,"minecraft:enchant_item":1,"minecraft:walk_on_water_one_cm":68069,"minecraft:interact_with_furnace":247,"minecraft:sleep_in_bed":15,"minecraft:damage_dealt":27628,"minecraft:player_kills":1,"minecraft:crouch_one_cm":39014,"minecraft:interact_with_smoker":3,"minecraft:interact_with_anvil":2,"minecraft:mob_kills":453,"minecraft:damage_dealt_resisted":6567,"minecraft:climb_one_cm":59931,"minecraft:walk_one_cm":1664206,"minecraft:sneak_time":20945,"minecraft:walk_under_water_one_cm":44348,"minecraft:boat_one_cm":47898,"minecraft:interact_with_blast_furnace":26,"minecraft:total_world_time":521243,"spartanshields:shield_bash_hits":3,"minecraft:time_since_rest":49680,"minecraft:damage_taken":10076,"minecraft:swim_one_cm":128515,"minecraft:fly_one_cm":1495747,"minecraft:open_chest":172,"minecraft:fall_one_cm":100260},"minecraft:killed_by":{"minecraft:zombified_piglin":1,"zombie_extreme:night_hunter":3,"minecraft:drowned":1,"zombie_extreme:chainsaw":1,"minecraft:zombie":8,"minecraft:cow":1,"minecraft:player":1,"zombie_extreme:military":1},"minecraft:dropped":{"minecraft:iron_sword":1,"scorchedguns:wooden_stock":1,"minecraft:porkchop":1,"minecraft:lapis_lazuli":14,"minecraft:baked_potato":23,"minecraft:exposed_cut_copper_stairs":2,"minecraft:diamond":1,"minecraft:cracked_stone_bricks":1,"zombie_extreme:green_apple":1,"zombie_extreme:rotten_apple":18,"minecraft:flint":2,"minecraft:dirt":16,"zombie_extreme:soda_used":1,"minecraft:sugar":1,"minecraft:white_wool":1,"minecraft:bone":1,"minecraft:gravel":34,"zombie_extreme:canned_stew":1,"minecraft:stone_axe":1,"zombie_extreme:raw_aluminum":3,"vanillaplustools:stone_shovel":2,"minecraft:cobbled_deepslate":1097,"minecraft:rotten_flesh":5,"minecraft:oak_planks":1,"spartanweaponry:iron_saber":2,"minecraft:carrot":15,"minecraft:gunpowder":2874,"cgm:basic_bullet":358,"spartanweaponry:iron_longsword":2,"minecraft:quartz_block":35,"minecraft:beetroot_seeds":11,"minecraft:leather_boots":1,"vanillaplustools:stone_hammer":3,"minecraft:spruce_slab":2,"minecraft:iron_bars":1,"minecraft:glass":64,"minecraft:weathered_cut_copper_stairs":14,"minecraft:stone_hoe":1,"minecraft:iron_ingot":41,"spartanweaponry:handle":3,"minecraft:wheat_seeds":70,"minecraft:oak_fence":27,"minecraft:cobblestone":2559,"farmersdelight:tree_bark":6,"zombie_extreme:cloth":1,"minecraft:granite":364,"spartanweaponry:stone_longsword":1,"minecraft:lava_bucket":1,"spartanweaponry:iron_flanged_mace":1,"minecraft:diorite":119,"minecraft:wooden_axe":1,"spartanweaponry:iron_greatsword":3,"zombie_extreme:raw_lead":8,"thirst:terracotta_bowl":1,"simpleshops:creative_simple_shop":64,"minecraft:string":174,"scorchedguns:ooz_96":2,"minecraft:bucket":1,"minecraft:spruce_sapling":5,"minecraft:dandelion":1,"minecraft:zombie_spawn_egg":1,"minecraft:sweet_berries":35,"minecraft:stone_sword":1,"minecraft:raw_copper":40,"minecraft:smooth_stone_slab":1,"minecraft:light_gray_terracotta":2,"minecraft:bowl":4,"minecraft:tuff":108,"minecraft:cut_copper_stairs":64,"minecraft:raw_iron":1,"zombie_extreme:ruby":2,"thirst:terracotta_water_bowl":25,"minecraft:allium":9,"minecraft:spruce_planks":13,"simpleshops:simple_shop":64,"minecraft:andesite":206,"minecraft:light_gray_bed":1,"minecraft:oak_sapling":39,"minecraft:stone_bricks":2,"zombie_extreme:police_suit_helmet":1,"minecraft:stone_pickaxe":2,"minecraft:wooden_pickaxe":2,"zombie_extreme:raw_tin":12,"minecraft:brick":1}},"DataVersion":3120}