{"stats":{"minecraft:custom":{"minecraft:animals_bred":1,"minecraft:interact_with_crafting_table":47,"minecraft:open_barrel":4,"minecraft:leave_game":6,"minecraft:time_since_death":137336,"minecraft:sprint_one_cm":1187341,"minecraft:damage_blocked_by_shield":2084,"minecraft:drop":276,"minecraft:play_time":447865,"minecraft:deaths":18,"minecraft:jump":6027,"minecraft:walk_on_water_one_cm":55962,"minecraft:interact_with_furnace":202,"minecraft:sleep_in_bed":14,"minecraft:damage_dealt":27026,"minecraft:player_kills":1,"minecraft:crouch_one_cm":29506,"minecraft:mob_kills":326,"minecraft:interact_with_anvil":2,"minecraft:damage_dealt_resisted":4713,"minecraft:climb_one_cm":59931,"minecraft:walk_one_cm":1488078,"minecraft:sneak_time":14552,"minecraft:walk_under_water_one_cm":34176,"minecraft:boat_one_cm":47898,"minecraft:interact_with_blast_furnace":26,"minecraft:total_world_time":448309,"spartanshields:shield_bash_hits":3,"minecraft:time_since_rest":25345,"minecraft:damage_taken":9431,"minecraft:swim_one_cm":109579,"minecraft:fly_one_cm":1274741,"minecraft:open_chest":148,"minecraft:fall_one_cm":82591},"minecraft:broken":{"spartanshields:stone_tower_shield":1,"taccraft:assault_vest_boots":1,"taccraft:assault_vest_helmet":1,"minecraft:stone_pickaxe":1,"minecraft:stone_sword":1,"vanillaplustools:stone_hammer":6,"minecraft:iron_pickaxe":1},"minecraft:dropped":{"minecraft:iron_sword":1,"scorchedguns:wooden_stock":1,"minecraft:lapis_lazuli":14,"minecraft:baked_potato":23,"minecraft:exposed_cut_copper_stairs":2,"minecraft:diamond":1,"minecraft:cracked_stone_bricks":1,"zombie_extreme:green_apple":1,"zombie_extreme:rotten_apple":9,"minecraft:flint":2,"minecraft:dirt":16,"zombie_extreme:soda_used":1,"minecraft:white_wool":1,"minecraft:bone":1,"minecraft:gravel":34,"minecraft:stone_axe":1,"zombie_extreme:raw_aluminum":3,"minecraft:cobbled_deepslate":1097,"minecraft:rotten_flesh":3,"minecraft:oak_planks":1,"spartanweaponry:iron_saber":2,"minecraft:carrot":15,"spartanweaponry:iron_longsword":2,"minecraft:gunpowder":2874,"cgm:basic_bullet":358,"minecraft:beetroot_seeds":11,"minecraft:leather_boots":1,"vanillaplustools:stone_hammer":3,"minecraft:spruce_slab":2,"minecraft:glass":64,"minecraft:stone_hoe":1,"minecraft:iron_ingot":41,"spartanweaponry:handle":3,"minecraft:wheat_seeds":32,"minecraft:oak_fence":27,"minecraft:cobblestone":2525,"zombie_extreme:cloth":1,"minecraft:granite":364,"spartanweaponry:stone_longsword":1,"minecraft:lava_bucket":1,"spartanweaponry:iron_flanged_mace":1,"minecraft:diorite":119,"minecraft:wooden_axe":1,"spartanweaponry:iron_greatsword":1,"zombie_extreme:raw_lead":8,"thirst:terracotta_bowl":1,"simpleshops:creative_simple_shop":64,"minecraft:string":174,"minecraft:bucket":1,"minecraft:spruce_sapling":1,"minecraft:dandelion":1,"minecraft:zombie_spawn_egg":1,"minecraft:sweet_berries":35,"minecraft:stone_sword":1,"minecraft:bowl":4,"minecraft:raw_copper":40,"minecraft:smooth_stone_slab":1,"minecraft:light_gray_terracotta":2,"minecraft:tuff":108,"minecraft:cut_copper_stairs":64,"minecraft:raw_iron":1,"zombie_extreme:ruby":2,"thirst:terracotta_water_bowl":24,"minecraft:allium":9,"minecraft:spruce_planks":13,"simpleshops:simple_shop":64,"minecraft:andesite":205,"minecraft:light_gray_bed":1,"minecraft:stone_pickaxe":1,"minecraft:wooden_pickaxe":2,"minecraft:brick":1,"zombie_extreme:raw_tin":12},"minecraft:mined":{"minecraft:white_bed":2,"minecraft:oak_sapling":1,"minecraft:brewing_stand":1,"minecraft:granite":385,"minecraft:acacia_log":9,"minecraft:grass_block":10,"zombie_extreme:deepslate_lead":8,"minecraft:light_gray_bed":6,"minecraft:spawner":9,"minecraft:light_blue_stained_glass":17,"minecraft:tall_seagrass":5,"minecraft:iron_ore":103,"zombie_extreme:ore_steel":8,"minecraft:anvil":1,"zombie_extreme:deepslate_tin":9,"minecraft:dirt_path":2,"minecraft:iron_bars":1,"minecraft:light_gray_concrete":20,"minecraft:spruce_slab":1,"minecraft:deepslate_redstone_ore":3,"minecraft:brown_mushroom":9,"minecraft:quartz_block":5,"minecraft:cyan_terracotta":1,"farmersdelight:organic_compost":6,"minecraft:torch":9,"minecraft:light_gray_terracotta":1,"minecraft:chest":2,"minecraft:white_stained_glass_pane":1,"farmersdelight:brown_mushroom_colony":4,"zombie_extreme:barbed_fence":1,"minecraft:cobblestone":54,"minecraft:oak_planks":7,"minecraft:iron_door":3,"minecraft:wall_torch":3,"minecraft:seagrass":1,"zombie_extreme:deepslate_ruby":1,"zombie_extreme:metal_fence":1,"zombie_extreme:thorium_ore":1,"minecraft:birch_log":11,"minecraft:wheat":5,"zombie_extreme:deepslate_steel":4,"minecraft:smooth_stone_slab":1,"minecraft:grass":195,"minecraft:oak_log":44,"minecraft:beetroots":5,"minecraft:sand":3,"minecraft:dirt":27,"minecraft:oak_leaves":2,"minecraft:deepslate":3176,"minecraft:tuff":114,"minecraft:blue_stained_glass_pane":2,"minecraft:deepslate_diamond_ore":12,"farmersdelight:wild_carrots":16,"minecraft:ladder":1,"minecraft:white_stained_glass":1,"farmersdelight:wild_cabbages":2,"minecraft:spruce_leaves":3,"minecraft:red_mushroom":7,"farmersdelight:red_mushroom_colony":4,"minecraft:large_fern":6,"farmersdelight:wild_onions":4,"minecraft:carrots":15,"zombie_extreme:ore_lead":1,"minecraft:andesite":249,"bunker_down:steel_vent":2,"minecraft:bookshelf":12,"minecraft:potatoes":5,"minecraft:deepslate_iron_ore":11,"minecraft:stone":4374,"zombie_extreme:deepslate_aluminum":3,"zombie_extreme:ore_aluminum":1,"minecraft:podzol":1,"minecraft:dandelion":1,"minecraft:oak_fence":4,"minecraft:crafting_table":1,"minecraft:tall_grass":21,"minecraft:copper_ore":62,"minecraft:deepslate_gold_ore":8,"minecraft:lapis_ore":11,"minecraft:diorite":295,"zombie_extreme:ore_tin":4,"minecraft:cobblestone_wall":4,"minecraft:sweet_berry_bush":45,"minecraft:spruce_log":6,"minecraft:yellow_bed":2,"k_turrets:titanium_ore":15,"minecraft:coal_ore":210,"minecraft:gravel":8,"minecraft:cobweb":1,"minecraft:cracked_stone_bricks":3,"minecraft:stone_bricks":7},"minecraft:killed_by":{"zombie_extreme:night_hunter":3,"minecraft:drowned":1,"zombie_extreme:chainsaw":1,"minecraft:zombie":8,"minecraft:cow":1,"minecraft:player":1,"zombie_extreme:military":1},"minecraft:used":{"spartanweaponry:stone_longsword":88,"farmersdelight:cabbage_seeds":2,"minecraft:chest":13,"minecraft:iron_sword":267,"minecraft:zombie_spawn_egg":1,"securitycraft:keypad_item":2,"minecraft:carrot":68,"minecraft:weathered_cut_copper_stairs":1,"minecraft:acacia_button":2,"farmersdelight:sweet_berry_cookie":8,"minecraft:milk_bucket":2,"minecraft:glass":93,"spartanweaponry:iron_longsword":20,"minecraft:lava_bucket":1,"farmersdelight:tomato":1,"minecraft:quartz_block":10,"minecraft:stone_bricks":24,"minecraft:sweet_berries":140,"minecraft:furnace":3,"minecraft:oak_sapling":12,"k_turrets:bullet_turret_item":1,"minecraft:egg":2,"minecraft:potato":18,"spartanweaponry:iron_greatsword":26,"bunker_down:steel_vent":2,"minecraft:mossy_stone_bricks":2,"minecraft:diorite":27,"minecraft:stone_pickaxe":439,"minecraft:oak_planks":13,"minecraft:wooden_pickaxe":15,"farmersdelight:organic_compost":6,"minecraft:sand":3,"simpleshops:simple_shop":5,"minecraft:mushroom_stew":1,"minecraft:light_gray_terracotta":2,"spartanshields:stone_tower_shield":90,"minecraft:pumpkin_seeds":4,"minecraft:exposed_copper":1,"spartanweaponry:iron_saber":44,"minecraft:bread":6,"minecraft:iron_door":1,"minecraft:andesite":51,"projectarsenal:ar15_classic":1275,"minecraft:oak_boat":1,"minecraft:cobweb":8,"k_turrets:cobble_turret_item":3,"minecraft:oak_fence":25,"zombie_extreme:butcher_knife":9,"minecraft:stone_sword":216,"minecraft:stone_shovel":48,"minecraft:spruce_planks":11,"vanillaplustools:stone_hammer":963,"minecraft:stone_hoe":11,"minecraft:cut_copper_stairs":3,"minecraft:torch":77,"minecraft:exposed_cut_copper_stairs":2,"minecraft:dirt":64,"cgm:workbench":2,"minecraft:granite":2,"minecraft:wooden_axe":6,"minecraft:melon_seeds":2,"minecraft:cooked_beef":7,"farmersdelight:tomato_seeds":12,"minecraft:acacia_planks":1,"minecraft:light_gray_bed":5,"minecraft:wheat_seeds":19,"minecraft:cooked_mutton":10,"farmersdelight:iron_knife":99,"minecraft:water_bucket":6,"minecraft:birch_planks":5,"minecraft:baked_potato":54,"minecraft:brown_mushroom":8,"zombie_extreme:rotten_apple":1,"minecraft:cracked_stone_bricks":3,"farmersdelight:onion":4,"minecraft:crafting_table":12,"minecraft:red_mushroom":11,"minecraft:white_bed":4,"thirst:terracotta_water_bowl":180,"minecraft:apple":7,"minecraft:iron_pickaxe":294,"minecraft:spruce_sapling":2,"simpleshops:creative_simple_shop":9,"minecraft:stone_axe":112,"minecraft:cobblestone":351,"minecraft:porkchop":1,"minecraft:bucket":6,"minecraft:yellow_bed":3},"minecraft:killed":{"zombie_extreme:night_hunter":9,"zombie_extreme:infected_juggernaut":3,"zombie_extreme:divided":1,"minecraft:chicken":1,"zombie_extreme:ram":1,"minecraft:pig":1,"minecraft:zombie_villager":3,"zombie_extreme:infected_hazmat":6,"minecraft:salmon":1,"zombie_extreme:bomber":5,"zombie_extreme:chainsaw":9,"minecraft:sheep":1,"minecraft:zombie":182,"zombie_extreme:devastated":1,"zombie_extreme:infected_police":12,"mutantmonsters:mutant_creeper":1,"zombie_extreme:fetus":2,"minecraft:cow":6,"minecraft:drowned":30,"kevin_trophy:spitter_zombie":2,"zombie_extreme:runner":12,"zombie_extreme:crawler":7,"zombie_extreme:boomer":8,"zombie_extreme:infected_military":3,"zombie_extreme:infected":11,"zombie_extreme:military":2,"kevin_trophy:crawler_zombie":2,"zombie_extreme:assasin_black_ops":1,"mutantmonsters:mutant_zombie":1},"minecraft:crafted":{"minecraft:oak_planks":176,"spartanshields:wooden_tower_shield":1,"minecraft:stone":16,"securitycraft:keypad_item":2,"k_turrets:titanium_ingot":29,"minecraft:heavy_weighted_pressure_plate":2,"minecraft:cooked_mutton":10,"minecraft:bow":4,"minecraft:melon_seeds":2,"minecraft:chest":11,"minecraft:oak_fence":48,"minecraft:crafting_table":11,"minecraft:spruce_planks":84,"farmersdelight:iron_knife":1,"minecraft:wooden_pickaxe":1,"minecraft:copper_ingot":147,"minecraft:birch_planks":44,"minecraft:acacia_button":2,"minecraft:pumpkin_seeds":4,"minecraft:dispenser":4,"minecraft:stick":304,"minecraft:iron_pickaxe":2,"minecraft:iron_ingot":102,"minecraft:stone_sword":3,"minecraft:shears":1,"minecraft:stone_shovel":1,"vanillaplustools:stone_hammer":8,"minecraft:leather_boots":1,"minecraft:iron_nugget":36,"minecraft:furnace":2,"minecraft:stone_button":16,"minecraft:mushroom_stew":1,"spartanshields:stone_tower_shield":1,"spartanweaponry:stone_longsword":1,"minecraft:stone_pickaxe":74,"cgm:workbench":2,"minecraft:cooked_beef":7,"k_turrets:cobble_turret_item":3,"minecraft:bowl":4,"spartanweaponry:handle":4,"thirst:terracotta_water_bowl":291,"minecraft:stone_axe":1,"farmersdelight:sweet_berry_cookie":8,"minecraft:air":0,"minecraft:oak_boat":1,"minecraft:white_wool":1,"minecraft:gold_nugget":9,"minecraft:wooden_axe":1,"minecraft:white_bed":1,"minecraft:acacia_planks":36,"minecraft:torch":60,"k_turrets:bullet_turret_item":1},"minecraft:picked_up":{"minecraft:wheat":5,"cgm:basic_bullet":2267,"minecraft:exposed_copper":1,"minecraft:anvil":1,"minecraft:brewing_stand":1,"projectarsenal:ar15_classic":1,"minecraft:string":184,"minecraft:weathered_cut_copper_stairs":1,"minecraft:raw_copper":229,"minecraft:smooth_stone_slab":1,"minecraft:beetroot":5,"zombie_extreme:golf_club":1,"minecraft:cobbled_deepslate":1672,"minecraft:spruce_planks":64,"spartanweaponry:iron_flanged_mace":1,"farmersdelight:cabbage_seeds":2,"minecraft:furnace":1,"zombie_extreme:ruby":2,"zombie_extreme:raw_aluminum":3,"minecraft:stick":14,"bunker_down:airlock_iron_trapdoor":1,"minecraft:oak_fence":4,"minecraft:torch":18,"minecraft:acacia_log":9,"minecraft:porkchop":3,"minecraft:diorite":251,"mutantmonsters:hulk_hammer":1,"minecraft:quartz_block":13,"minecraft:rotten_flesh":221,"minecraft:light_gray_bed":7,"farmersdelight:onion":3,"zombie_extreme:rotten_apple":17,"minecraft:cyan_terracotta":1,"minecraft:iron_bars":1,"minecraft:cobblestone":4849,"minecraft:birch_log":11,"minecraft:iron_door":2,"minecraft:andesite":299,"bunker_down:steel_vent":2,"minecraft:potato":22,"minecraft:flint":2,"minecraft:tuff":108,"minecraft:lapis_lazuli":107,"farmersdelight:tomato":3,"minecraft:dirt":99,"spartanweaponry:iron_rapier":2,"minecraft:bone":5,"minecraft:exposed_cut_copper_stairs":4,"taccraft:assault_vest_boots":1,"spartanweaponry:iron_greatsword":1,"minecraft:wheat_seeds":47,"minecraft:raw_gold":8,"minecraft:mossy_stone_bricks":2,"minecraft:oak_planks":7,"spartanweaponry:iron_saber":3,"minecraft:sand":3,"minecraft:ink_sac":4,"minecraft:fermented_spider_eye":1,"minecraft:light_gray_concrete":20,"minecraft:light_gray_terracotta":20,"minecraft:diamond":12,"minecraft:slime_block":2,"minecraft:granite":389,"minecraft:bread":7,"minecraft:oak_sapling":14,"minecraft:bricks":2,"zombie_extreme:titan_nugget":1,"minecraft:crafting_table":1,"minecraft:allium":9,"minecraft:ladder":1,"minecraft:brown_mushroom":26,"minecraft:wooden_pickaxe":1,"zombie_extreme:raw_tin":13,"zombie_extreme:juggernaut_suit_helmet":1,"minecraft:brick":5,"minecraft:cracked_stone_bricks":4,"minecraft:beef":11,"farmersdelight:straw":20,"minecraft:spruce_slab":2,"minecraft:sugar_cane":2,"minecraft:chest":2,"minecraft:birch_sapling":6,"minecraft:egg":9,"minecraft:raw_iron":129,"zombie_extreme:soda_used":1,"minecraft:copper_ingot":1,"scorchedguns:wooden_stock":1,"minecraft:carrot":74,"minecraft:redstone":14,"zombie_extreme:green_apple":1,"minecraft:beetroot_seeds":11,"k_turrets:raw_titanium":15,"minecraft:white_wool":19,"taccraft:assault_vest_helmet":1,"minecraft:leather":8,"spartanweaponry:iron_longsword":2,"minecraft:red_mushroom":33,"zombie_extreme:bronze_nugget":2,"minecraft:oak_log":44,"minecraft:gunpowder":2069,"minecraft:cobblestone_wall":4,"minecraft:yellow_bed":2,"zombie_extreme:raw_steel":8,"zombie_extreme:raw_lead":9,"farmersdelight:organic_compost":6,"minecraft:stone_bricks":29,"minecraft:iron_ingot":52,"zombie_extreme:cloth":2,"spartanweaponry:iron_dagger":1,"minecraft:iron_sword":1,"minecraft:acacia_sapling":5,"taccraft:assault_vest_leggings":1,"minecraft:book":36,"minecraft:sweet_berries":130,"minecraft:quartz":1,"minecraft:dandelion":1,"minecraft:gravel":34,"minecraft:spruce_sapling":3,"minecraft:white_bed":3,"minecraft:spruce_log":9,"taccraft:assault_vest_chestplate":1,"vanillaplustools:stone_hammer":1,"minecraft:baked_potato":17,"minecraft:melon_seeds":4,"minecraft:coal":229,"minecraft:ender_pearl":1}},"DataVersion":3120}