{"stats":{"minecraft:picked_up":{"minecraft:wheat":5,"cgm:basic_bullet":896,"minecraft:exposed_copper":1,"projectarsenal:ar15_classic":1,"minecraft:string":184,"minecraft:weathered_cut_copper_stairs":1,"minecraft:raw_copper":86,"minecraft:smooth_stone_slab":1,"minecraft:beetroot":5,"zombie_extreme:golf_club":1,"minecraft:cobbled_deepslate":639,"minecraft:spruce_planks":64,"spartanweaponry:iron_flanged_mace":1,"farmersdelight:cabbage_seeds":2,"minecraft:furnace":1,"zombie_extreme:ruby":2,"zombie_extreme:raw_aluminum":3,"minecraft:stick":14,"bunker_down:airlock_iron_trapdoor":1,"minecraft:oak_fence":4,"minecraft:torch":7,"minecraft:acacia_log":9,"minecraft:porkchop":2,"minecraft:diorite":146,"minecraft:quartz_block":10,"minecraft:rotten_flesh":32,"minecraft:light_gray_bed":7,"farmersdelight:onion":3,"zombie_extreme:rotten_apple":8,"minecraft:cobblestone":2722,"minecraft:birch_log":11,"minecraft:andesite":219,"minecraft:potato":17,"minecraft:flint":2,"minecraft:tuff":22,"minecraft:lapis_lazuli":107,"farmersdelight:tomato":3,"minecraft:dirt":77,"spartanweaponry:iron_rapier":1,"minecraft:bone":1,"minecraft:exposed_cut_copper_stairs":4,"taccraft:assault_vest_boots":1,"minecraft:wheat_seeds":30,"minecraft:mossy_stone_bricks":2,"minecraft:oak_planks":7,"minecraft:sand":3,"minecraft:light_gray_concrete":20,"minecraft:light_gray_terracotta":1,"minecraft:granite":383,"minecraft:bread":7,"minecraft:oak_sapling":14,"minecraft:crafting_table":1,"minecraft:allium":9,"minecraft:ladder":1,"minecraft:brown_mushroom":7,"minecraft:wooden_pickaxe":1,"zombie_extreme:raw_tin":8,"minecraft:brick":3,"minecraft:cracked_stone_bricks":3,"minecraft:beef":11,"minecraft:spruce_slab":2,"minecraft:chest":1,"minecraft:birch_sapling":6,"minecraft:egg":8,"minecraft:raw_iron":115,"scorchedguns:wooden_stock":1,"minecraft:carrot":40,"zombie_extreme:green_apple":1,"minecraft:beetroot_seeds":11,"taccraft:assault_vest_helmet":1,"minecraft:leather":8,"minecraft:red_mushroom":7,"zombie_extreme:bronze_nugget":1,"minecraft:oak_log":43,"minecraft:gunpowder":2064,"minecraft:cobblestone_wall":1,"minecraft:yellow_bed":2,"zombie_extreme:raw_steel":4,"zombie_extreme:raw_lead":8,"farmersdelight:organic_compost":6,"minecraft:stone_bricks":7,"minecraft:iron_ingot":49,"taccraft:assault_vest_leggings":1,"minecraft:iron_sword":1,"minecraft:acacia_sapling":5,"minecraft:book":36,"minecraft:sweet_berries":107,"minecraft:gravel":34,"minecraft:spruce_sapling":3,"minecraft:spruce_log":8,"taccraft:assault_vest_chestplate":1,"vanillaplustools:stone_hammer":1,"minecraft:melon_seeds":4,"minecraft:coal":87},"minecraft:used":{"spartanweaponry:stone_longsword":88,"farmersdelight:cabbage_seeds":2,"minecraft:chest":8,"minecraft:iron_sword":25,"minecraft:zombie_spawn_egg":1,"securitycraft:keypad_item":2,"minecraft:carrot":29,"minecraft:weathered_cut_copper_stairs":1,"minecraft:acacia_button":2,"minecraft:milk_bucket":2,"farmersdelight:sweet_berry_cookie":8,"minecraft:glass":93,"minecraft:lava_bucket":1,"farmersdelight:tomato":1,"minecraft:quartz_block":10,"minecraft:stone_bricks":7,"minecraft:sweet_berries":88,"minecraft:furnace":3,"minecraft:oak_sapling":12,"minecraft:egg":2,"minecraft:potato":16,"minecraft:mossy_stone_bricks":2,"minecraft:diorite":27,"minecraft:stone_pickaxe":389,"minecraft:oak_planks":13,"minecraft:wooden_pickaxe":15,"farmersdelight:organic_compost":6,"minecraft:sand":3,"simpleshops:simple_shop":5,"spartanshields:stone_tower_shield":16,"minecraft:pumpkin_seeds":4,"minecraft:exposed_copper":1,"minecraft:bread":2,"minecraft:andesite":18,"projectarsenal:ar15_classic":159,"minecraft:oak_boat":1,"minecraft:cobweb":8,"minecraft:oak_fence":25,"zombie_extreme:butcher_knife":9,"minecraft:stone_sword":191,"minecraft:stone_shovel":48,"minecraft:spruce_planks":1,"vanillaplustools:stone_hammer":567,"minecraft:stone_hoe":11,"minecraft:cut_copper_stairs":3,"minecraft:torch":51,"minecraft:exposed_cut_copper_stairs":2,"minecraft:dirt":64,"cgm:workbench":1,"minecraft:granite":2,"minecraft:wooden_axe":6,"minecraft:melon_seeds":2,"farmersdelight:tomato_seeds":12,"minecraft:acacia_planks":1,"minecraft:light_gray_bed":5,"minecraft:wheat_seeds":19,"minecraft:cooked_mutton":10,"minecraft:water_bucket":3,"minecraft:birch_planks":5,"minecraft:baked_potato":37,"minecraft:brown_mushroom":2,"zombie_extreme:rotten_apple":1,"minecraft:cracked_stone_bricks":3,"farmersdelight:onion":4,"minecraft:crafting_table":10,"minecraft:red_mushroom":3,"thirst:terracotta_water_bowl":101,"minecraft:apple":5,"minecraft:iron_pickaxe":250,"minecraft:spruce_sapling":2,"simpleshops:creative_simple_shop":9,"minecraft:stone_axe":112,"minecraft:cobblestone":305,"minecraft:bucket":5,"minecraft:yellow_bed":3},"minecraft:killed_by":{"zombie_extreme:night_hunter":3,"zombie_extreme:chainsaw":1,"minecraft:zombie":7,"minecraft:cow":1,"minecraft:player":1,"zombie_extreme:military":1},"minecraft:crafted":{"minecraft:oak_planks":172,"spartanshields:wooden_tower_shield":1,"minecraft:stone":16,"securitycraft:keypad_item":2,"minecraft:heavy_weighted_pressure_plate":2,"minecraft:cooked_mutton":10,"minecraft:melon_seeds":2,"minecraft:chest":7,"minecraft:oak_fence":48,"minecraft:crafting_table":9,"minecraft:spruce_planks":24,"minecraft:wooden_pickaxe":1,"minecraft:copper_ingot":58,"minecraft:pumpkin_seeds":4,"minecraft:birch_planks":44,"minecraft:acacia_button":2,"minecraft:stick":244,"minecraft:iron_pickaxe":1,"minecraft:iron_ingot":102,"minecraft:stone_sword":2,"minecraft:stone_shovel":1,"vanillaplustools:stone_hammer":6,"minecraft:leather_boots":1,"minecraft:iron_nugget":27,"minecraft:furnace":2,"minecraft:stone_button":16,"spartanshields:stone_tower_shield":1,"spartanweaponry:stone_longsword":1,"minecraft:stone_pickaxe":55,"cgm:workbench":1,"spartanweaponry:handle":4,"thirst:terracotta_water_bowl":157,"minecraft:stone_axe":1,"farmersdelight:sweet_berry_cookie":8,"minecraft:air":0,"minecraft:oak_boat":1,"minecraft:wooden_axe":1,"minecraft:acacia_planks":36,"minecraft:torch":60},"minecraft:broken":{"minecraft:stone_pickaxe":1,"minecraft:stone_sword":1,"vanillaplustools:stone_hammer":3,"minecraft:iron_pickaxe":1},"minecraft:custom":{"minecraft:interact_with_crafting_table":32,"minecraft:open_barrel":4,"minecraft:leave_game":5,"minecraft:time_since_death":12465,"minecraft:sprint_one_cm":708770,"minecraft:damage_blocked_by_shield":520,"minecraft:drop":213,"minecraft:play_time":281457,"minecraft:deaths":16,"minecraft:jump":4169,"minecraft:walk_on_water_one_cm":36735,"minecraft:interact_with_furnace":131,"minecraft:sleep_in_bed":9,"minecraft:damage_dealt":13674,"minecraft:player_kills":1,"minecraft:crouch_one_cm":20817,"minecraft:mob_kills":86,"minecraft:interact_with_anvil":1,"minecraft:damage_dealt_resisted":734,"minecraft:climb_one_cm":42292,"minecraft:walk_one_cm":824710,"minecraft:sneak_time":10208,"minecraft:walk_under_water_one_cm":20652,"minecraft:boat_one_cm":47898,"minecraft:interact_with_blast_furnace":15,"minecraft:total_world_time":281901,"spartanshields:shield_bash_hits":2,"minecraft:time_since_rest":10138,"minecraft:damage_taken":6648,"minecraft:swim_one_cm":91523,"minecraft:fly_one_cm":1019883,"minecraft:open_chest":65,"minecraft:fall_one_cm":66360},"minecraft:killed":{"zombie_extreme:night_hunter":2,"minecraft:chicken":1,"minecraft:pig":1,"minecraft:zombie_villager":1,"zombie_extreme:infected_hazmat":5,"zombie_extreme:bomber":1,"zombie_extreme:chainsaw":5,"minecraft:zombie":30,"zombie_extreme:infected_police":8,"zombie_extreme:fetus":1,"minecraft:cow":6,"minecraft:drowned":2,"zombie_extreme:runner":4,"zombie_extreme:crawler":4,"zombie_extreme:boomer":3,"zombie_extreme:infected_military":2,"zombie_extreme:infected":6,"kevin_trophy:crawler_zombie":1},"minecraft:dropped":{"scorchedguns:wooden_stock":1,"minecraft:lapis_lazuli":14,"minecraft:baked_potato":23,"minecraft:exposed_cut_copper_stairs":2,"minecraft:diamond":1,"zombie_extreme:green_apple":1,"zombie_extreme:rotten_apple":7,"minecraft:flint":2,"minecraft:dirt":14,"minecraft:bone":1,"minecraft:gravel":34,"zombie_extreme:raw_aluminum":3,"minecraft:cobbled_deepslate":64,"minecraft:rotten_flesh":2,"minecraft:gunpowder":2874,"cgm:basic_bullet":294,"minecraft:beetroot_seeds":11,"minecraft:leather_boots":1,"vanillaplustools:stone_hammer":2,"minecraft:spruce_slab":2,"minecraft:glass":64,"minecraft:stone_hoe":1,"minecraft:iron_ingot":41,"spartanweaponry:handle":3,"minecraft:wheat_seeds":16,"minecraft:oak_fence":27,"minecraft:cobblestone":2243,"minecraft:granite":358,"spartanweaponry:stone_longsword":1,"minecraft:lava_bucket":1,"spartanweaponry:iron_flanged_mace":1,"minecraft:diorite":119,"minecraft:wooden_axe":1,"zombie_extreme:raw_lead":8,"simpleshops:creative_simple_shop":64,"minecraft:string":174,"minecraft:bucket":1,"minecraft:spruce_sapling":1,"minecraft:zombie_spawn_egg":1,"minecraft:sweet_berries":31,"minecraft:stone_sword":1,"minecraft:raw_copper":40,"minecraft:smooth_stone_slab":1,"minecraft:light_gray_terracotta":1,"minecraft:tuff":22,"minecraft:cut_copper_stairs":64,"zombie_extreme:ruby":2,"thirst:terracotta_water_bowl":24,"minecraft:allium":9,"simpleshops:simple_shop":64,"minecraft:andesite":203,"minecraft:light_gray_bed":1,"minecraft:stone_pickaxe":1,"minecraft:wooden_pickaxe":2,"zombie_extreme:raw_tin":8},"minecraft:mined":{"minecraft:oak_sapling":1,"minecraft:granite":377,"minecraft:acacia_log":9,"minecraft:grass_block":9,"zombie_extreme:deepslate_lead":8,"minecraft:light_gray_bed":6,"minecraft:iron_ore":99,"zombie_extreme:ore_steel":4,"zombie_extreme:deepslate_tin":5,"minecraft:dirt_path":2,"minecraft:light_gray_concrete":20,"minecraft:spruce_slab":1,"minecraft:brown_mushroom":8,"minecraft:quartz_block":5,"farmersdelight:organic_compost":6,"minecraft:torch":4,"minecraft:light_gray_terracotta":1,"minecraft:chest":1,"zombie_extreme:barbed_fence":1,"minecraft:cobblestone":26,"minecraft:oak_planks":7,"minecraft:wall_torch":1,"zombie_extreme:deepslate_ruby":1,"zombie_extreme:metal_fence":1,"zombie_extreme:thorium_ore":1,"minecraft:birch_log":11,"minecraft:wheat":5,"zombie_extreme:deepslate_steel":3,"minecraft:smooth_stone_slab":1,"minecraft:grass":80,"minecraft:oak_log":43,"minecraft:beetroots":5,"minecraft:sand":3,"minecraft:dirt":26,"minecraft:deepslate":1524,"minecraft:tuff":22,"farmersdelight:wild_carrots":16,"minecraft:ladder":1,"farmersdelight:wild_cabbages":2,"minecraft:spruce_leaves":3,"minecraft:red_mushroom":6,"minecraft:large_fern":6,"farmersdelight:wild_onions":4,"minecraft:carrots":6,"minecraft:andesite":168,"minecraft:bookshelf":12,"minecraft:potatoes":5,"minecraft:deepslate_iron_ore":1,"minecraft:stone":3081,"zombie_extreme:deepslate_aluminum":3,"minecraft:podzol":1,"minecraft:oak_fence":4,"minecraft:crafting_table":1,"minecraft:tall_grass":13,"minecraft:copper_ore":22,"minecraft:lapis_ore":11,"minecraft:diorite":183,"zombie_extreme:ore_tin":3,"minecraft:cobblestone_wall":1,"minecraft:sweet_berry_bush":40,"minecraft:spruce_log":6,"minecraft:yellow_bed":2,"minecraft:coal_ore":68,"minecraft:gravel":8,"minecraft:cobweb":1,"minecraft:cracked_stone_bricks":3,"minecraft:stone_bricks":1}},"DataVersion":3120}