{"stats":{"minecraft:custom":{"minecraft:animals_bred":14,"minecraft:interact_with_crafting_table":58,"minecraft:open_barrel":10,"minecraft:leave_game":11,"minecraft:time_since_death":151669,"minecraft:sprint_one_cm":924410,"minecraft:drop":228,"minecraft:play_time":441011,"minecraft:deaths":32,"minecraft:jump":5125,"minecraft:walk_on_water_one_cm":74971,"minecraft:enchant_item":1,"minecraft:interact_with_furnace":86,"minecraft:sleep_in_bed":12,"minecraft:damage_dealt":12764,"minecraft:player_kills":1,"minecraft:crouch_one_cm":8257,"minecraft:interact_with_smoker":5,"minecraft:interact_with_anvil":4,"minecraft:mob_kills":283,"minecraft:damage_dealt_resisted":3531,"minecraft:climb_one_cm":56731,"minecraft:walk_one_cm":1450396,"minecraft:sneak_time":8860,"minecraft:walk_under_water_one_cm":45585,"minecraft:boat_one_cm":26566,"minecraft:interact_with_blast_furnace":10,"minecraft:total_world_time":441011,"minecraft:pot_flower":1,"minecraft:time_since_rest":10612,"minecraft:damage_taken":11353,"minecraft:trigger_trapped_chest":2,"minecraft:swim_one_cm":104990,"minecraft:fly_one_cm":994542,"minecraft:open_chest":185,"minecraft:fall_one_cm":71443},"minecraft:broken":{"taccraft:assault_vest_helmet":1,"minecraft:stone_pickaxe":1,"minecraft:stone_axe":1,"minecraft:stone_hoe":1,"vanillaplustools:stone_hammer":3,"zombie_extreme:police_suit_chestplate":1},"minecraft:dropped":{"farmersdelight:iron_knife":1,"minecraft:iron_sword":1,"minecraft:baked_potato":17,"minecraft:glass_bottle":2,"minecraft:crafting_table":4,"taccraft:assault_vest_leggings":1,"minecraft:cracked_stone_bricks":1,"zombie_extreme:rotten_apple":8,"minecraft:dirt":13,"minecraft:grass":3,"zombie_extreme:soda_used":1,"taccraft:assault_vest_helmet":1,"minecraft:gravel":17,"minecraft:cobbled_deepslate":1018,"minecraft:beetroot":2,"taccraft:assault_vest_chestplate":1,"cgm:basic_bullet":256,"zombie_extreme:golf_club":1,"minecraft:beetroot_seeds":12,"vanillaplustools:stone_hammer":1,"bunker_down:airlock_iron_trapdoor":2,"spartanweaponry:iron_rapier":1,"farmersdelight:tomato_seeds":2,"minecraft:stone_hoe":1,"minecraft:iron_ingot":33,"minecraft:bread":7,"minecraft:wheat_seeds":5,"minecraft:cobblestone":2274,"zombie_extreme:steel_pickaxe":1,"minecraft:granite":365,"minecraft:oxeye_daisy":1,"zombie_extreme:raw_thorium":1,"minecraft:diorite":124,"spartanweaponry:iron_battleaxe":1,"taccraft:assault_vest_boots":1,"spartanweaponry:iron_greatsword":1,"minecraft:paper":1,"minecraft:string":1,"minecraft:bucket":1,"minecraft:polished_deepslate":3,"minecraft:furnace":1,"minecraft:bricks":4,"minecraft:light_gray_terracotta":3,"minecraft:tuff":18,"projectarsenal:ar15_classic":1,"farmersdelight:straw":1,"minecraft:potato":1,"minecraft:spruce_planks":64,"minecraft:andesite":157,"minecraft:light_gray_bed":2,"minecraft:stone_pickaxe":50,"minecraft:cracked_deepslate_bricks":1},"minecraft:mined":{"minecraft:spruce_planks":1,"minecraft:white_bed":2,"minecraft:oak_sapling":1,"minecraft:farmland":2,"minecraft:sculk_vein":1,"minecraft:obsidian":6,"minecraft:granite":485,"minecraft:grass_block":28,"minecraft:brown_wool":16,"zombie_extreme:deepslate_lead":1,"zombie_extreme:deepslate_thorium":1,"minecraft:light_gray_bed":3,"minecraft:deepslate_tile_stairs":1,"minecraft:oxeye_daisy":1,"minecraft:spawner":3,"minecraft:light_blue_stained_glass":21,"minecraft:magma_block":1,"farmersdelight:wild_rice":11,"minecraft:iron_ore":115,"zombie_extreme:ore_steel":32,"minecraft:pumpkin":3,"minecraft:anvil":1,"minecraft:sculk_shrieker":1,"zombie_extreme:deepslate_tin":2,"minecraft:light_gray_concrete":12,"minecraft:deepslate_brick_stairs":1,"zombie_extreme:washing_machine":3,"minecraft:quartz_block":3,"minecraft:smoker":1,"minecraft:amethyst_cluster":3,"minecraft:torch":4,"minecraft:light_gray_terracotta":6,"minecraft:blast_furnace":1,"minecraft:calcite":8,"minecraft:melon":1,"minecraft:white_stained_glass_pane":4,"farmersdelight:brown_mushroom_colony":1,"farmersdelight:cabbages":4,"minecraft:cobblestone":17,"minecraft:sugar_cane":99,"minecraft:bricks":9,"minecraft:wall_torch":11,"zombie_extreme:metal_fence":1,"zombie_extreme:thorium_ore":12,"minecraft:wheat":46,"zombie_extreme:ore_ruby":4,"minecraft:light_gray_wool":25,"minecraft:wither_rose":1,"zombie_extreme:deepslate_steel":2,"minecraft:copper_block":4,"minecraft:grass":49,"minecraft:oak_log":6,"minecraft:beetroots":4,"minecraft:sand":5,"minecraft:dirt":8,"minecraft:smooth_basalt":7,"minecraft:deepslate":2022,"minecraft:tuff":283,"farmersdelight:onions":13,"minecraft:blue_stained_glass_pane":2,"minecraft:potted_wither_rose":1,"minecraft:deepslate_diamond_ore":13,"farmersdelight:wild_carrots":22,"minecraft:mangrove_roots":1,"minecraft:gray_stained_glass_pane":6,"minecraft:weathered_copper":1,"minecraft:white_stained_glass":4,"minecraft:spruce_leaves":4,"farmersdelight:red_mushroom_colony":1,"horror_element_mod:herobrine_head":1,"minecraft:hay_block":6,"farmersdelight:wild_onions":4,"minecraft:spruce_sapling":2,"minecraft:furnace":3,"minecraft:carrots":14,"zombie_extreme:ore_lead":1,"minecraft:andesite":334,"bunker_down:airlock_iron_trapdoor":1,"bunker_down:steel_vent":3,"zombie_extreme:wire":2,"minecraft:polished_deepslate":3,"minecraft:bookshelf":7,"minecraft:potatoes":58,"zombie_extreme:oil_shale_sand":9,"minecraft:stone":3483,"zombie_extreme:radio_installation":2,"minecraft:white_wool":63,"zombie_extreme:ore_aluminum":14,"minecraft:podzol":1,"minecraft:scaffolding":1,"minecraft:glass_pane":2,"minecraft:crafting_table":4,"minecraft:tall_grass":5,"minecraft:copper_ore":27,"minecraft:deepslate_gold_ore":8,"minecraft:lapis_ore":4,"minecraft:cracked_deepslate_bricks":2,"minecraft:diorite":170,"farmersdelight:wild_beetroots":1,"zombie_extreme:ore_tin":21,"minecraft:cobblestone_wall":2,"minecraft:sweet_berry_bush":3,"minecraft:spruce_log":297,"horror_element_mod:human_remains":4,"minecraft:yellow_bed":4,"k_turrets:titanium_ore":16,"minecraft:coal_ore":98,"minecraft:cobweb":6,"minecraft:cracked_stone_bricks":2,"minecraft:stone_bricks":3,"minecraft:gold_ore":21},"minecraft:killed_by":{"minecraft:zombie_villager":1,"zombie_extreme:night_hunter":3,"zombie_extreme:assasin_black_ops":1,"zombie_extreme:chainsaw":1,"zombie_extreme:infected_military":3,"minecraft:zombie":18,"minecraft:player":1,"zombie_extreme:infected_police":1,"zombie_extreme:devastated":1},"minecraft:used":{"farmersdelight:cabbage_seeds":6,"minecraft:chest":1,"minecraft:iron_sword":2,"minecraft:grass":3,"minecraft:weathered_copper":1,"minecraft:carrot":53,"zombie_extreme:steel_pickaxe":162,"horror_element_mod:human_remains":4,"minecraft:bricks":1,"minecraft:lantern":1,"minecraft:quartz_block":6,"farmersdelight:cutting_board":1,"minecraft:sweet_berries":12,"zombie_extreme:green_apple":1,"minecraft:oak_sapling":2,"minecraft:furnace":11,"minecraft:potato":69,"bunker_down:steel_vent":2,"minecraft:diorite":8,"minecraft:stone_pickaxe":233,"minecraft:wooden_pickaxe":6,"minecraft:sugar_cane":53,"farmersdelight:pumpkin_slice":21,"minecraft:sand":5,"minecraft:blast_furnace":1,"minecraft:light_gray_terracotta":4,"farmersdelight:rice":11,"minecraft:shears":43,"zombie_extreme:radio_installation":1,"minecraft:bread":12,"projectarsenal:ar15_classic":1347,"zombie_extreme:butcher_knife":260,"minecraft:enchanting_table":1,"minecraft:stone_sword":20,"minecraft:spruce_planks":30,"vanillaplustools:stone_hammer":792,"minecraft:stone_hoe":178,"minecraft:torch":48,"minecraft:dirt":7,"minecraft:anvil":1,"minecraft:bookshelf":22,"minecraft:iron_axe":182,"zombie_extreme:steel_shovel":21,"spartanweaponry:iron_rapier":1,"minecraft:melon_seeds":4,"minecraft:deepslate_tile_stairs":1,"zombie_extreme:soda":1,"minecraft:cobbled_deepslate":5,"farmersdelight:tomato_seeds":6,"minecraft:light_gray_bed":3,"minecraft:wheat_seeds":62,"minecraft:water_bucket":35,"minecraft:baked_potato":37,"zombie_extreme:chips":4,"farmersdelight:onion":28,"minecraft:crafting_table":7,"zombie_extreme:washing_machine":3,"minecraft:white_bed":1,"minecraft:spruce_log":2,"minecraft:smoker":1,"thirst:terracotta_water_bowl":104,"minecraft:flower_pot":1,"minecraft:iron_pickaxe":149,"minecraft:spruce_sapling":41,"minecraft:stone_axe":146,"minecraft:cobblestone":219,"minecraft:potion":2,"minecraft:bucket":40,"horror_element_mod:herobrine_head":1,"minecraft:yellow_bed":3,"minecraft:wither_rose":1},"minecraft:killed":{"zombie_extreme:night_hunter":7,"zombie_extreme:infected_juggernaut":3,"zombie_extreme:divided":3,"zombie_extreme:ram":2,"k_turrets:cobble_turret":1,"minecraft:pig":1,"minecraft:zombie_villager":3,"zombie_extreme:infected_hazmat":2,"zombie_extreme:bomber":3,"zombie_extreme:chainsaw":3,"minecraft:sheep":3,"kevin_trophy:blister_zombie":6,"minecraft:pillager":2,"minecraft:zombie":160,"zombie_extreme:infected_police":6,"zombie_extreme:devastated":3,"zombie_extreme:fetus":1,"minecraft:cow":3,"minecraft:drowned":26,"kevin_trophy:spitter_zombie":1,"zombie_extreme:runner":8,"zombie_extreme:crawler":4,"zombie_extreme:boomer":6,"zombie_extreme:infected_military":7,"zombie_extreme:infected":12,"zombie_extreme:military":2,"zombie_extreme:assasin_black_ops":1},"minecraft:crafted":{"minecraft:oak_planks":24,"taccraft:assault_vest_helmet":2,"minecraft:bookshelf":22,"minecraft:melon_seeds":4,"minecraft:stone_hoe":2,"farmersdelight:tomato_seeds":8,"minecraft:crafting_table":6,"minecraft:spruce_planks":484,"farmersdelight:iron_knife":1,"minecraft:wooden_pickaxe":1,"minecraft:baked_potato":64,"taccraft:assault_vest_leggings":2,"minecraft:copper_ingot":63,"taccraft:plate_bag":4,"farmersdelight:cutting_board":1,"minecraft:book":43,"minecraft:paper":129,"taccraft:aramid_insert":22,"minecraft:stick":140,"minecraft:iron_pickaxe":1,"taccraft:assault_vest_boots":2,"minecraft:iron_ingot":105,"minecraft:stone_sword":1,"taccraft:armor_plate":4,"minecraft:shears":1,"vanillaplustools:stone_hammer":9,"minecraft:leather_boots":1,"zombie_extreme:ignotsteel":30,"zombie_extreme:steel_pickaxe":1,"minecraft:furnace":10,"taccraft:nylon_cloth":102,"minecraft:leather":129,"minecraft:iron_axe":1,"minecraft:stone_pickaxe":91,"zombie_extreme:steel_shovel":1,"minecraft:wheat":54,"zombie_extreme:ignot_tin":21,"minecraft:enchanting_table":1,"minecraft:bucket":1,"thirst:terracotta_water_bowl":76,"taccraft:nylon_stripe":52,"minecraft:stone_axe":2,"minecraft:bread":9,"minecraft:air":0,"minecraft:blue_dye":1,"minecraft:white_wool":2,"taccraft:assault_vest_chestplate":2,"minecraft:white_bed":1,"minecraft:torch":20},"minecraft:picked_up":{"minecraft:wheat":45,"cgm:basic_bullet":1638,"minecraft:flower_pot":1,"minecraft:anvil":1,"minecraft:wither_rose":3,"minecraft:enchanted_book":1,"projectarsenal:ar15_classic":2,"zombie_extreme:police_suit_chestplate":1,"minecraft:polished_deepslate":3,"minecraft:string":62,"minecraft:raw_copper":87,"minecraft:beetroot":6,"zombie_extreme:steel_pickaxe":2,"minecraft:cobbled_deepslate":1079,"minecraft:bucket":2,"farmersdelight:cabbage":2,"minecraft:spruce_planks":13,"zombie_extreme:oil_shale":9,"minecraft:melon_slice":4,"zombie_extreme:ruby":5,"farmersdelight:cabbage_seeds":6,"minecraft:furnace":2,"zombie_extreme:police_suit_helmet":1,"zombie_extreme:raw_aluminum":17,"minecraft:stick":45,"bunker_down:airlock_iron_trapdoor":1,"farmersdelight:rotten_tomato":1,"minecraft:torch":25,"minecraft:porkchop":1,"minecraft:diorite":88,"minecraft:deepslate_tile_stairs":1,"zombie_extreme:radio_installation":3,"horror_element_mod:herobrine_head":1,"minecraft:quartz_block":7,"minecraft:stone_sword":1,"minecraft:light_gray_bed":4,"minecraft:rotten_flesh":159,"farmersdelight:onion":47,"farmersdelight:tree_bark":69,"zombie_extreme:rotten_apple":14,"minecraft:deepslate_brick_stairs":1,"minecraft:obsidian":4,"minecraft:cobblestone":3231,"spartanweaponry:iron_warhammer":1,"minecraft:feather":1,"farmersdelight:rice":11,"minecraft:iron_door":1,"minecraft:andesite":129,"zombie_extreme:juggernaut_suit_leggings":1,"spartanweaponry:iron_battleaxe":1,"minecraft:brown_wool":16,"minecraft:copper_block":4,"minecraft:smoker":1,"bunker_down:steel_vent":3,"minecraft:potato":193,"minecraft:flint":1,"minecraft:tuff":18,"minecraft:lantern":1,"farmersdelight:tomato":20,"minecraft:dirt":52,"spartanweaponry:iron_rapier":1,"minecraft:leather_boots":1,"minecraft:bone":3,"zombie_extreme:washing_machine":3,"spartanweaponry:iron_greatsword":1,"minecraft:wheat_seeds":152,"minecraft:raw_gold":39,"farmersdelight:pumpkin_slice":32,"minecraft:sand":5,"minecraft:stripped_spruce_log":69,"minecraft:ink_sac":4,"minecraft:fermented_spider_eye":4,"minecraft:light_gray_concrete":12,"minecraft:light_gray_terracotta":13,"minecraft:diamond":26,"minecraft:crossbow":1,"minecraft:granite":363,"minecraft:grass":6,"zombie_extreme:raw_thorium":14,"minecraft:oak_sapling":5,"zombie_extreme:titan_nugget":1,"minecraft:bricks":6,"minecraft:fishing_rod":1,"minecraft:charcoal":5,"minecraft:crafting_table":8,"minecraft:allium":7,"minecraft:brown_mushroom":5,"zombie_extreme:raw_tin":28,"minecraft:brick":2,"minecraft:cracked_stone_bricks":2,"minecraft:beef":5,"farmersdelight:straw":2,"minecraft:iron_nugget":1,"minecraft:light_gray_wool":25,"minecraft:sugar_cane":160,"minecraft:chest":1,"minecraft:egg":3,"minecraft:raw_iron":112,"farmersdelight:tomato_seeds":1,"minecraft:carrot":83,"minecraft:beetroot_seeds":13,"k_turrets:raw_titanium":16,"minecraft:hay_block":6,"minecraft:cracked_deepslate_bricks":1,"minecraft:gold_ingot":5,"minecraft:mutton":4,"minecraft:white_wool":84,"minecraft:oxeye_daisy":1,"minecraft:leather":4,"minecraft:oak_log":6,"minecraft:gunpowder":68,"minecraft:cobblestone_wall":1,"minecraft:yellow_bed":4,"zombie_extreme:raw_steel":34,"zombie_extreme:raw_lead":10,"taccraft:nylon_cloth":2,"minecraft:apple":6,"thirst:terracotta_water_bowl":50,"zombie_extreme:barbed_fence":1,"minecraft:iron_ingot":2,"minecraft:stone_pickaxe":52,"zombie_extreme:cloth":1,"minecraft:glass_bottle":2,"spartanweaponry:iron_dagger":1,"minecraft:book":21,"minecraft:scaffolding":4,"minecraft:pumpkin":3,"minecraft:sweet_berries":46,"minecraft:dandelion":1,"minecraft:gravel":17,"minecraft:weathered_copper":1,"minecraft:amethyst_shard":6,"minecraft:spruce_sapling":42,"minecraft:blast_furnace":1,"minecraft:spruce_log":287,"minecraft:white_bed":1,"vanillaplustools:stone_hammer":1,"minecraft:baked_potato":24,"minecraft:coal":92}},"DataVersion":3120}