{"stats":{"minecraft:killed":{"zombie_extreme:night_hunter":8,"zombie_extreme:infected_juggernaut":3,"minecraft:zombie_horse":1,"zombie_extreme:divided":3,"zombie_extreme:ram":2,"k_turrets:cobble_turret":1,"minecraft:pig":1,"minecraft:zombie_villager":3,"zombie_extreme:infected_hazmat":3,"zombie_extreme:bomber":3,"zombie_extreme:chainsaw":3,"minecraft:sheep":3,"kevin_trophy:blister_zombie":9,"minecraft:pillager":3,"minecraft:zombie":204,"zombie_extreme:infected_police":8,"zombie_extreme:devastated":3,"zombie_extreme:fetus":2,"minecraft:cow":3,"minecraft:drowned":26,"kevin_trophy:spitter_zombie":1,"zombie_extreme:runner":10,"zombie_extreme:crawler":4,"rottencreatures:undead_miner":1,"minecraft:husk":6,"zombie_extreme:boomer":6,"zombie_extreme:infected":13,"zombie_extreme:infected_military":10,"zombie_extreme:military":4,"kevin_trophy:crawler_zombie":1,"zombie_extreme:assasin_black_ops":1},"minecraft:crafted":{"minecraft:oak_planks":24,"taccraft:assault_vest_helmet":2,"minecraft:bookshelf":22,"minecraft:melon_seeds":4,"minecraft:stone_hoe":2,"farmersdelight:tomato_seeds":8,"minecraft:cooked_porkchop":3,"minecraft:crafting_table":6,"minecraft:spruce_planks":604,"farmersdelight:iron_knife":1,"minecraft:wooden_pickaxe":1,"minecraft:baked_potato":64,"taccraft:assault_vest_leggings":2,"minecraft:copper_ingot":126,"taccraft:plate_bag":4,"farmersdelight:cutting_board":1,"minecraft:book":43,"minecraft:diamond_pickaxe":9,"minecraft:paper":129,"taccraft:aramid_insert":22,"minecraft:stick":212,"taccraft:assault_vest_boots":2,"minecraft:iron_ingot":105,"minecraft:iron_pickaxe":1,"minecraft:stone_sword":1,"minecraft:gold_ingot":9,"taccraft:armor_plate":4,"vanillaplustools:diamond_hammer":1,"minecraft:shears":1,"vanillaplustools:stone_hammer":9,"minecraft:leather_boots":1,"minecraft:iron_nugget":36,"zombie_extreme:ignotsteel":30,"zombie_extreme:steel_pickaxe":1,"minecraft:furnace":10,"taccraft:nylon_cloth":102,"minecraft:leather":129,"minecraft:iron_axe":1,"minecraft:stone_pickaxe":91,"farmersdelight:rice":10,"zombie_extreme:steel_shovel":1,"minecraft:wheat":54,"sophisticatedbackpacks:iron_backpack":1,"zombie_extreme:ignot_tin":21,"minecraft:enchanting_table":1,"sophisticatedbackpacks:gold_backpack":1,"minecraft:bucket":1,"thirst:terracotta_water_bowl":115,"taccraft:nylon_stripe":52,"minecraft:stone_axe":5,"minecraft:bread":14,"minecraft:air":0,"minecraft:blue_dye":1,"minecraft:white_wool":2,"taccraft:assault_vest_chestplate":2,"minecraft:white_bed":1,"minecraft:torch":20},"minecraft:used":{"farmersdelight:cabbage_seeds":6,"minecraft:chest":1,"minecraft:iron_sword":2,"minecraft:grass":3,"minecraft:weathered_copper":7,"minecraft:carrot":55,"zombie_extreme:steel_pickaxe":271,"horror_element_mod:human_remains":4,"minecraft:bricks":1,"minecraft:lantern":1,"minecraft:quartz_block":6,"farmersdelight:cutting_board":1,"minecraft:sweet_berries":12,"zombie_extreme:green_apple":1,"minecraft:oak_sapling":2,"minecraft:furnace":11,"minecraft:potato":69,"bunker_down:steel_vent":2,"minecraft:diorite":8,"minecraft:stone_pickaxe":233,"minecraft:wooden_pickaxe":6,"minecraft:sugar_cane":53,"farmersdelight:pumpkin_slice":28,"minecraft:sand":5,"minecraft:blast_furnace":1,"minecraft:light_gray_terracotta":4,"farmersdelight:rice":20,"minecraft:shears":43,"zombie_extreme:radio_installation":1,"minecraft:bread":17,"minecraft:gravel":7,"projectarsenal:ar15_classic":1365,"zombie_extreme:butcher_knife":502,"minecraft:enchanting_table":1,"minecraft:stone_sword":20,"minecraft:spruce_planks":30,"vanillaplustools:stone_hammer":847,"minecraft:stone_hoe":178,"minecraft:torch":65,"minecraft:dirt":112,"minecraft:anvil":1,"minecraft:bookshelf":22,"minecraft:iron_axe":182,"zombie_extreme:steel_shovel":120,"spartanweaponry:iron_rapier":1,"minecraft:melon_seeds":4,"minecraft:deepslate_tile_stairs":1,"zombie_extreme:soda":1,"farmersdelight:tomato_seeds":6,"minecraft:cobbled_deepslate":26,"minecraft:light_gray_bed":3,"minecraft:wheat_seeds":80,"minecraft:water_bucket":35,"minecraft:baked_potato":54,"zombie_extreme:chips":4,"farmersdelight:onion":28,"minecraft:crafting_table":7,"vanillaplustools:stone_shovel":165,"zombie_extreme:washing_machine":3,"minecraft:white_bed":1,"minecraft:spruce_log":2,"minecraft:smoker":1,"thirst:terracotta_water_bowl":144,"minecraft:flower_pot":1,"minecraft:iron_pickaxe":149,"minecraft:spruce_sapling":94,"minecraft:stone_axe":464,"minecraft:cobblestone":245,"minecraft:potion":2,"minecraft:white_banner":1,"minecraft:cooked_porkchop":3,"minecraft:bucket":40,"horror_element_mod:herobrine_head":1,"minecraft:yellow_bed":3,"minecraft:wither_rose":1},"minecraft:broken":{"taccraft:assault_vest_boots":1,"taccraft:assault_vest_helmet":1,"minecraft:stone_pickaxe":1,"minecraft:stone_axe":3,"taccraft:assault_vest_leggings":1,"taccraft:assault_vest_chestplate":1,"minecraft:stone_hoe":1,"vanillaplustools:stone_hammer":3,"zombie_extreme:police_suit_chestplate":1,"vanillaplustools:stone_shovel":1},"minecraft:picked_up":{"minecraft:wheat":62,"cgm:basic_bullet":2140,"minecraft:flower_pot":1,"minecraft:anvil":1,"farmersdelight:rice_panicle":10,"minecraft:wither_rose":3,"minecraft:enchanted_book":1,"projectarsenal:ar15_classic":2,"zombie_extreme:police_suit_chestplate":1,"minecraft:polished_deepslate":3,"minecraft:string":62,"minecraft:raw_copper":89,"minecraft:beetroot":6,"vanillaplustools:stone_shovel":2,"zombie_extreme:golf_club":2,"zombie_extreme:steel_pickaxe":2,"minecraft:cobbled_deepslate":1346,"minecraft:bucket":2,"farmersdelight:cabbage":2,"minecraft:spruce_planks":94,"zombie_extreme:oil_shale":17,"minecraft:melon_slice":4,"zombie_extreme:ruby":5,"farmersdelight:cabbage_seeds":6,"minecraft:furnace":2,"zombie_extreme:police_suit_helmet":2,"zombie_extreme:raw_aluminum":17,"minecraft:stick":88,"bunker_down:airlock_iron_trapdoor":1,"farmersdelight:rotten_tomato":1,"minecraft:torch":35,"minecraft:porkchop":1,"minecraft:diorite":88,"minecraft:deepslate_tile_stairs":1,"zombie_extreme:radio_installation":3,"horror_element_mod:herobrine_head":1,"minecraft:quartz_block":7,"minecraft:stone_sword":1,"minecraft:light_gray_bed":4,"minecraft:rotten_flesh":250,"farmersdelight:onion":47,"farmersdelight:tree_bark":75,"zombie_extreme:rotten_apple":24,"minecraft:deepslate_brick_stairs":1,"minecraft:obsidian":4,"minecraft:iron_bars":1,"minecraft:cobblestone":3266,"spartanweaponry:iron_warhammer":1,"minecraft:feather":1,"farmersdelight:rice":13,"minecraft:iron_door":1,"minecraft:water_bucket":2,"minecraft:andesite":129,"spartanweaponry:iron_battleaxe":1,"zombie_extreme:juggernaut_suit_leggings":1,"minecraft:brown_wool":16,"minecraft:copper_block":11,"minecraft:smoker":1,"bunker_down:steel_vent":3,"minecraft:potato":193,"minecraft:flint":12,"minecraft:tuff":18,"farmersdelight:tomato":20,"minecraft:dirt":421,"minecraft:lantern":1,"cgm:grenade":10,"spartanweaponry:iron_rapier":1,"minecraft:leather_boots":1,"minecraft:bone":6,"zombie_extreme:washing_machine":3,"spartanweaponry:iron_greatsword":1,"minecraft:wheat_seeds":204,"minecraft:raw_gold":39,"farmersdelight:pumpkin_slice":32,"minecraft:mossy_stone_bricks":2,"zombie_extreme:syringe_drug":1,"minecraft:sand":8,"minecraft:stripped_spruce_log":69,"minecraft:ink_sac":5,"minecraft:fermented_spider_eye":13,"minecraft:light_gray_concrete":12,"minecraft:light_gray_terracotta":13,"minecraft:sugar":1,"minecraft:diamond":40,"minecraft:slime_block":1,"minecraft:crossbow":1,"minecraft:granite":368,"minecraft:grass":6,"zombie_extreme:raw_thorium":14,"minecraft:oak_sapling":7,"zombie_extreme:titan_nugget":1,"minecraft:bricks":6,"minecraft:fishing_rod":1,"minecraft:charcoal":5,"minecraft:crafting_table":8,"minecraft:allium":7,"minecraft:brown_mushroom":10,"zombie_extreme:raw_tin":28,"minecraft:brick":2,"minecraft:cracked_stone_bricks":9,"minecraft:beef":5,"farmersdelight:straw":2,"minecraft:iron_nugget":3,"minecraft:light_gray_wool":25,"minecraft:sugar_cane":160,"minecraft:chest":2,"minecraft:egg":3,"minecraft:raw_iron":112,"farmersdelight:tomato_seeds":1,"zombie_extreme:canned_stew":1,"minecraft:carrot":85,"minecraft:redstone":1,"minecraft:beetroot_seeds":13,"k_turrets:raw_titanium":16,"minecraft:hay_block":6,"minecraft:cracked_deepslate_bricks":1,"minecraft:gold_ingot":5,"sophisticatedbackpacks:copper_backpack":1,"minecraft:mutton":10,"minecraft:white_wool":84,"minecraft:oxeye_daisy":1,"farmersdelight:rich_soil":3,"minecraft:leather":4,"minecraft:red_mushroom":15,"minecraft:oak_log":6,"zombie_extreme:bronze_nugget":1,"minecraft:yellow_bed":4,"minecraft:cobblestone_wall":1,"minecraft:gunpowder":68,"minecraft:paper":1,"zombie_extreme:raw_steel":34,"minecraft:white_banner":1,"zombie_extreme:raw_lead":11,"taccraft:nylon_cloth":2,"minecraft:apple":6,"minecraft:stone_bricks":80,"thirst:terracotta_water_bowl":50,"minecraft:iron_ingot":3,"zombie_extreme:barbed_fence":1,"minecraft:stone_pickaxe":53,"zombie_extreme:magnetic_card":1,"zombie_extreme:cloth":2,"minecraft:glass_bottle":2,"spartanweaponry:iron_dagger":1,"minecraft:book":21,"minecraft:scaffolding":4,"minecraft:pumpkin":3,"minecraft:sweet_berries":52,"minecraft:quartz":2,"minecraft:dandelion":1,"minecraft:gravel":24,"minecraft:weathered_copper":7,"minecraft:amethyst_shard":6,"minecraft:spruce_log":571,"minecraft:spruce_sapling":99,"minecraft:blast_furnace":1,"minecraft:white_bed":1,"thirst:terracotta_bowl":3,"minecraft:pumpkin_seeds":4,"vanillaplustools:stone_hammer":2,"minecraft:baked_potato":24,"minecraft:melon_seeds":2,"minecraft:coal":92},"minecraft:mined":{"minecraft:spruce_planks":21,"minecraft:oak_sapling":1,"minecraft:white_bed":2,"farmersdelight:rich_soil":3,"minecraft:farmland":2,"minecraft:sculk_vein":1,"minecraft:obsidian":6,"minecraft:granite":485,"minecraft:grass_block":950,"minecraft:brown_wool":16,"zombie_extreme:deepslate_lead":1,"zombie_extreme:deepslate_thorium":1,"minecraft:light_gray_bed":3,"minecraft:deepslate_tile_stairs":1,"minecraft:oxeye_daisy":1,"minecraft:spawner":3,"minecraft:light_blue_stained_glass":21,"minecraft:magma_block":1,"farmersdelight:wild_rice":11,"minecraft:iron_ore":115,"farmersdelight:rice":2,"minecraft:cobbled_deepslate":13,"zombie_extreme:ore_steel":32,"minecraft:anvil":1,"minecraft:pumpkin":3,"minecraft:sculk_shrieker":1,"zombie_extreme:deepslate_tin":2,"minecraft:iron_bars":5,"minecraft:light_gray_concrete":12,"minecraft:deepslate_brick_stairs":1,"farmersdelight:rice_panicles":12,"zombie_extreme:washing_machine":3,"minecraft:quartz_block":34,"minecraft:smoker":1,"minecraft:amethyst_cluster":3,"minecraft:oxidized_cut_copper_stairs":1,"minecraft:torch":10,"minecraft:light_gray_terracotta":6,"minecraft:blast_furnace":1,"minecraft:calcite":8,"minecraft:melon":1,"minecraft:white_stained_glass_pane":4,"farmersdelight:brown_mushroom_colony":1,"farmersdelight:cabbages":4,"minecraft:cobblestone":42,"minecraft:sugar_cane":99,"minecraft:bricks":9,"minecraft:wall_torch":15,"minecraft:weathered_cut_copper_stairs":20,"zombie_extreme:metal_fence":1,"zombie_extreme:thorium_ore":12,"minecraft:wheat":64,"zombie_extreme:ore_ruby":4,"minecraft:light_gray_wool":25,"zombie_extreme:deepslate_steel":2,"minecraft:copper_block":11,"minecraft:wither_rose":1,"minecraft:grass":73,"minecraft:oak_log":6,"minecraft:beetroots":4,"minecraft:sand":16,"minecraft:dirt":45,"minecraft:smooth_basalt":7,"minecraft:deepslate":2161,"minecraft:tuff":283,"farmersdelight:onions":13,"minecraft:blue_stained_glass_pane":2,"minecraft:potted_wither_rose":1,"minecraft:deepslate_diamond_ore":19,"farmersdelight:wild_carrots":23,"minecraft:mangrove_roots":1,"minecraft:gray_stained_glass_pane":6,"minecraft:weathered_copper":7,"minecraft:white_stained_glass":4,"minecraft:spruce_leaves":4,"farmersdelight:red_mushroom_colony":1,"horror_element_mod:herobrine_head":1,"minecraft:hay_block":6,"farmersdelight:wild_onions":4,"minecraft:spruce_sapling":3,"minecraft:furnace":3,"minecraft:carrots":14,"zombie_extreme:ore_lead":1,"minecraft:andesite":335,"bunker_down:airlock_iron_trapdoor":1,"bunker_down:steel_vent":3,"zombie_extreme:wire":2,"minecraft:polished_deepslate":3,"minecraft:bookshelf":7,"minecraft:potatoes":58,"zombie_extreme:oil_shale_sand":17,"minecraft:stone":3492,"zombie_extreme:radio_installation":2,"minecraft:white_wool":63,"minecraft:podzol":13,"zombie_extreme:ore_aluminum":14,"minecraft:scaffolding":1,"minecraft:glass_pane":2,"minecraft:crafting_table":4,"minecraft:copper_ore":27,"minecraft:tall_grass":12,"minecraft:lapis_ore":4,"minecraft:deepslate_gold_ore":8,"minecraft:cracked_deepslate_bricks":2,"minecraft:diorite":170,"farmersdelight:wild_beetroots":1,"zombie_extreme:ore_tin":21,"minecraft:cobblestone_wall":2,"minecraft:sweet_berry_bush":5,"minecraft:spruce_log":577,"horror_element_mod:human_remains":4,"minecraft:yellow_bed":4,"k_turrets:titanium_ore":16,"minecraft:coal_ore":98,"minecraft:gravel":19,"minecraft:cobweb":6,"minecraft:cracked_stone_bricks":10,"minecraft:stone_bricks":91,"minecraft:mossy_stone_bricks":9,"minecraft:gold_ore":21},"minecraft:custom":{"minecraft:animals_bred":14,"minecraft:interact_with_crafting_table":70,"minecraft:open_barrel":10,"minecraft:leave_game":18,"minecraft:time_since_death":42903,"minecraft:sprint_one_cm":1060492,"minecraft:drop":252,"minecraft:play_time":537752,"minecraft:deaths":46,"minecraft:jump":6148,"minecraft:walk_on_water_one_cm":83526,"minecraft:enchant_item":1,"minecraft:interact_with_furnace":121,"minecraft:sleep_in_bed":17,"minecraft:damage_dealt":26243,"minecraft:player_kills":1,"minecraft:crouch_one_cm":11620,"minecraft:interact_with_smoker":7,"minecraft:interact_with_anvil":4,"minecraft:mob_kills":355,"minecraft:damage_dealt_resisted":4704,"minecraft:climb_one_cm":57273,"minecraft:walk_one_cm":1742893,"minecraft:sneak_time":17101,"minecraft:walk_under_water_one_cm":51321,"minecraft:boat_one_cm":26566,"minecraft:interact_with_blast_furnace":10,"minecraft:total_world_time":537752,"minecraft:pot_flower":1,"minecraft:time_since_rest":29925,"minecraft:damage_taken":15881,"minecraft:trigger_trapped_chest":4,"minecraft:swim_one_cm":114228,"minecraft:fly_one_cm":1115020,"minecraft:open_chest":206,"minecraft:fall_one_cm":82105},"minecraft:killed_by":{"minecraft:zombie_villager":1,"zombie_extreme:night_hunter":3,"minecraft:drowned":2,"zombie_extreme:assasin_black_ops":1,"zombie_extreme:chainsaw":1,"zombie_extreme:infected_military":3,"minecraft:zombie":27,"minecraft:player":1,"zombie_extreme:infected_police":1,"zombie_extreme:devastated":1,"zombie_extreme:military":3},"minecraft:dropped":{"farmersdelight:iron_knife":1,"minecraft:iron_sword":1,"minecraft:baked_potato":17,"minecraft:glass_bottle":2,"minecraft:crafting_table":7,"taccraft:assault_vest_leggings":1,"minecraft:cracked_stone_bricks":1,"minecraft:red_mushroom":5,"zombie_extreme:rotten_apple":10,"minecraft:dirt":81,"minecraft:grass":3,"zombie_extreme:soda_used":1,"taccraft:assault_vest_helmet":1,"minecraft:fermented_spider_eye":5,"minecraft:gravel":17,"minecraft:iron_nugget":1,"minecraft:cobbled_deepslate":1327,"minecraft:beetroot":2,"taccraft:assault_vest_chestplate":1,"minecraft:rotten_flesh":59,"cgm:basic_bullet":256,"zombie_extreme:golf_club":2,"minecraft:melon_seeds":6,"minecraft:beetroot_seeds":12,"vanillaplustools:stone_hammer":1,"bunker_down:airlock_iron_trapdoor":2,"spartanweaponry:iron_rapier":1,"farmersdelight:tomato_seeds":2,"minecraft:stone_hoe":1,"minecraft:iron_ingot":33,"minecraft:bread":7,"minecraft:wheat_seeds":38,"cgm:grenade":5,"minecraft:cobblestone":2276,"zombie_extreme:steel_pickaxe":1,"minecraft:granite":365,"zombie_extreme:syringe_drug":1,"minecraft:oxeye_daisy":1,"zombie_extreme:raw_thorium":1,"zombie_extreme:magnetic_card":1,"minecraft:diorite":124,"spartanweaponry:iron_battleaxe":1,"taccraft:assault_vest_boots":1,"spartanweaponry:iron_greatsword":1,"minecraft:paper":1,"minecraft:string":1,"minecraft:bucket":1,"minecraft:polished_deepslate":3,"minecraft:furnace":1,"minecraft:bricks":4,"minecraft:light_gray_terracotta":3,"minecraft:tuff":18,"projectarsenal:ar15_classic":1,"farmersdelight:straw":1,"minecraft:pumpkin_seeds":4,"minecraft:potato":1,"minecraft:spruce_planks":70,"minecraft:andesite":157,"minecraft:light_gray_bed":2,"minecraft:stone_pickaxe":50,"minecraft:cracked_deepslate_bricks":1}},"DataVersion":3120}