{"stats":{"minecraft:picked_up":{"minecraft:fishing_rod":1,"minecraft:charcoal":5,"minecraft:crafting_table":2,"minecraft:allium":7,"minecraft:wheat":13,"cgm:basic_bullet":486,"minecraft:flower_pot":1,"minecraft:anvil":1,"zombie_extreme:raw_tin":26,"minecraft:wither_rose":2,"minecraft:enchanted_book":1,"minecraft:brick":1,"projectarsenal:ar15_classic":2,"zombie_extreme:police_suit_chestplate":1,"minecraft:polished_deepslate":3,"minecraft:string":58,"minecraft:raw_copper":30,"minecraft:beetroot":6,"minecraft:bucket":1,"minecraft:light_gray_wool":25,"zombie_extreme:oil_shale":9,"minecraft:sugar_cane":36,"minecraft:chest":1,"farmersdelight:cabbage_seeds":2,"minecraft:furnace":2,"minecraft:egg":2,"zombie_extreme:ruby":5,"zombie_extreme:raw_aluminum":14,"bunker_down:airlock_iron_trapdoor":1,"minecraft:stick":28,"minecraft:raw_iron":66,"minecraft:torch":11,"minecraft:porkchop":1,"minecraft:diorite":88,"minecraft:carrot":81,"minecraft:deepslate_tile_stairs":1,"zombie_extreme:radio_installation":3,"horror_element_mod:herobrine_head":1,"minecraft:quartz_block":4,"minecraft:stone_sword":1,"minecraft:light_gray_bed":4,"minecraft:rotten_flesh":37,"minecraft:beetroot_seeds":13,"farmersdelight:onion":7,"k_turrets:raw_titanium":14,"minecraft:hay_block":6,"minecraft:cracked_deepslate_bricks":1,"minecraft:gold_ingot":4,"minecraft:deepslate_brick_stairs":1,"minecraft:mutton":2,"minecraft:white_wool":83,"minecraft:cobblestone":2644,"minecraft:oxeye_daisy":1,"minecraft:feather":1,"farmersdelight:rice":11,"minecraft:andesite":128,"zombie_extreme:juggernaut_suit_leggings":1,"minecraft:brown_wool":16,"minecraft:smoker":1,"bunker_down:steel_vent":1,"minecraft:potato":68,"minecraft:flint":1,"minecraft:oak_log":6,"minecraft:yellow_bed":4,"minecraft:gunpowder":68,"minecraft:lantern":1,"minecraft:dirt":31,"zombie_extreme:raw_steel":34,"zombie_extreme:raw_lead":8,"minecraft:leather_boots":1,"minecraft:bone":1,"taccraft:nylon_cloth":2,"zombie_extreme:washing_machine":2,"minecraft:apple":6,"minecraft:wheat_seeds":47,"minecraft:raw_gold":16,"thirst:terracotta_water_bowl":38,"zombie_extreme:barbed_fence":1,"minecraft:stone_pickaxe":9,"minecraft:scaffolding":4,"minecraft:sweet_berries":41,"minecraft:gravel":17,"minecraft:sand":5,"minecraft:amethyst_shard":6,"minecraft:spruce_sapling":18,"minecraft:blast_furnace":1,"minecraft:ink_sac":3,"minecraft:white_bed":1,"minecraft:spruce_log":130,"minecraft:fermented_spider_eye":1,"minecraft:light_gray_concrete":12,"minecraft:crossbow":1,"minecraft:granite":292,"vanillaplustools:stone_hammer":1,"minecraft:grass":6,"zombie_extreme:raw_thorium":13,"minecraft:baked_potato":24,"minecraft:oak_sapling":5,"minecraft:coal":92},"minecraft:used":{"zombie_extreme:butcher_knife":93,"minecraft:stone_sword":20,"farmersdelight:cabbage_seeds":2,"minecraft:spruce_planks":3,"minecraft:chest":1,"minecraft:iron_sword":2,"vanillaplustools:stone_hammer":387,"minecraft:grass":3,"minecraft:stone_hoe":172,"minecraft:torch":31,"minecraft:dirt":5,"minecraft:anvil":1,"minecraft:carrot":53,"horror_element_mod:human_remains":4,"minecraft:lantern":1,"minecraft:quartz_block":3,"zombie_extreme:green_apple":1,"minecraft:sweet_berries":12,"minecraft:oak_sapling":2,"minecraft:deepslate_tile_stairs":1,"minecraft:furnace":10,"minecraft:potato":32,"minecraft:light_gray_bed":3,"minecraft:wheat_seeds":27,"minecraft:water_bucket":17,"minecraft:diorite":8,"minecraft:stone_pickaxe":223,"minecraft:baked_potato":13,"minecraft:wooden_pickaxe":6,"minecraft:sugar_cane":36,"farmersdelight:onion":10,"minecraft:sand":5,"minecraft:blast_furnace":1,"minecraft:crafting_table":3,"zombie_extreme:washing_machine":1,"minecraft:shears":43,"thirst:terracotta_water_bowl":57,"minecraft:flower_pot":1,"minecraft:iron_pickaxe":149,"minecraft:bread":12,"zombie_extreme:radio_installation":1,"minecraft:spruce_sapling":18,"minecraft:stone_axe":135,"minecraft:cobblestone":188,"minecraft:bucket":18,"projectarsenal:ar15_classic":192,"horror_element_mod:herobrine_head":1,"minecraft:yellow_bed":3,"minecraft:wither_rose":1},"minecraft:killed_by":{"minecraft:zombie_villager":1,"minecraft:player":1,"zombie_extreme:night_hunter":3,"zombie_extreme:assasin_black_ops":1,"zombie_extreme:chainsaw":1,"zombie_extreme:infected_police":1,"zombie_extreme:infected_military":3,"minecraft:zombie":14,"zombie_extreme:devastated":1},"minecraft:crafted":{"minecraft:oak_planks":24,"vanillaplustools:stone_hammer":3,"minecraft:leather_boots":1,"zombie_extreme:ignotsteel":30,"minecraft:furnace":9,"taccraft:assault_vest_helmet":2,"taccraft:nylon_cloth":102,"minecraft:leather":55,"minecraft:stone_pickaxe":29,"minecraft:stone_hoe":2,"minecraft:wheat":54,"zombie_extreme:ignot_tin":21,"minecraft:crafting_table":1,"minecraft:spruce_planks":128,"minecraft:wooden_pickaxe":1,"taccraft:assault_vest_leggings":2,"minecraft:copper_ingot":18,"minecraft:bucket":1,"thirst:terracotta_water_bowl":35,"taccraft:nylon_stripe":52,"minecraft:stone_axe":2,"minecraft:bread":9,"minecraft:air":0,"taccraft:plate_bag":4,"minecraft:blue_dye":1,"taccraft:assault_vest_boots":2,"taccraft:assault_vest_chestplate":2,"taccraft:aramid_insert":22,"minecraft:stick":8,"minecraft:iron_ingot":66,"minecraft:iron_pickaxe":1,"minecraft:stone_sword":1,"taccraft:armor_plate":4,"minecraft:torch":20,"minecraft:shears":1},"minecraft:broken":{"minecraft:stone_hoe":1,"minecraft:stone_pickaxe":1,"vanillaplustools:stone_hammer":2,"minecraft:stone_axe":1,"zombie_extreme:police_suit_chestplate":1},"minecraft:custom":{"minecraft:mob_kills":47,"minecraft:animals_bred":12,"minecraft:interact_with_crafting_table":35,"minecraft:open_barrel":9,"minecraft:damage_dealt_resisted":195,"minecraft:leave_game":7,"minecraft:time_since_death":13871,"minecraft:climb_one_cm":45743,"minecraft:sprint_one_cm":609161,"minecraft:walk_one_cm":754775,"minecraft:drop":103,"minecraft:play_time":257964,"minecraft:deaths":28,"minecraft:sneak_time":5209,"minecraft:walk_under_water_one_cm":24125,"minecraft:boat_one_cm":26566,"minecraft:jump":3257,"minecraft:interact_with_blast_furnace":4,"minecraft:walk_on_water_one_cm":41713,"minecraft:total_world_time":257964,"minecraft:interact_with_furnace":57,"minecraft:pot_flower":1,"minecraft:sleep_in_bed":7,"minecraft:time_since_rest":13898,"minecraft:damage_taken":8939,"minecraft:trigger_trapped_chest":2,"minecraft:damage_dealt":5598,"minecraft:player_kills":1,"minecraft:swim_one_cm":73488,"minecraft:fly_one_cm":688432,"minecraft:open_chest":76,"minecraft:crouch_one_cm":4473,"minecraft:interact_with_smoker":1,"minecraft:fall_one_cm":54763},"minecraft:killed":{"zombie_extreme:night_hunter":3,"zombie_extreme:infected_juggernaut":1,"zombie_extreme:divided":1,"zombie_extreme:ram":1,"kevin_trophy:spitter_zombie":1,"zombie_extreme:runner":3,"zombie_extreme:crawler":1,"minecraft:pig":1,"zombie_extreme:boomer":1,"zombie_extreme:infected_military":1,"zombie_extreme:infected":4,"zombie_extreme:military":1,"zombie_extreme:chainsaw":1,"minecraft:sheep":3,"kevin_trophy:blister_zombie":1,"minecraft:pillager":2,"minecraft:zombie":17,"zombie_extreme:devastated":1,"zombie_extreme:infected_police":1,"zombie_extreme:fetus":1},"minecraft:dropped":{"minecraft:iron_ingot":32,"minecraft:bread":7,"minecraft:iron_sword":1,"minecraft:wheat_seeds":5,"taccraft:assault_vest_leggings":1,"minecraft:cobblestone":2059,"minecraft:granite":363,"minecraft:oxeye_daisy":1,"minecraft:dirt":12,"minecraft:grass":3,"minecraft:diorite":124,"taccraft:assault_vest_helmet":1,"taccraft:assault_vest_boots":1,"minecraft:paper":1,"minecraft:polished_deepslate":3,"minecraft:gravel":17,"minecraft:furnace":1,"taccraft:assault_vest_chestplate":1,"minecraft:beetroot":2,"projectarsenal:ar15_classic":1,"zombie_extreme:golf_club":1,"minecraft:spruce_planks":64,"minecraft:beetroot_seeds":12,"minecraft:andesite":156,"minecraft:light_gray_bed":2,"vanillaplustools:stone_hammer":1,"bunker_down:airlock_iron_trapdoor":1,"minecraft:stone_pickaxe":8,"minecraft:cracked_deepslate_bricks":1},"minecraft:mined":{"farmersdelight:onions":3,"minecraft:white_bed":1,"minecraft:oak_sapling":1,"minecraft:potted_wither_rose":1,"minecraft:sculk_vein":1,"farmersdelight:wild_carrots":20,"minecraft:mangrove_roots":1,"minecraft:granite":350,"minecraft:grass_block":8,"minecraft:brown_wool":16,"minecraft:light_gray_bed":3,"minecraft:deepslate_tile_stairs":1,"minecraft:spruce_leaves":3,"minecraft:oxeye_daisy":1,"horror_element_mod:herobrine_head":1,"minecraft:hay_block":6,"farmersdelight:wild_onions":4,"minecraft:magma_block":1,"minecraft:spruce_sapling":2,"minecraft:furnace":3,"minecraft:carrots":14,"farmersdelight:wild_rice":11,"minecraft:iron_ore":69,"zombie_extreme:ore_steel":32,"minecraft:andesite":276,"minecraft:anvil":1,"bunker_down:airlock_iron_trapdoor":1,"bunker_down:steel_vent":1,"minecraft:polished_deepslate":3,"minecraft:sculk_shrieker":1,"minecraft:potatoes":25,"zombie_extreme:oil_shale_sand":9,"minecraft:light_gray_concrete":12,"minecraft:deepslate_brick_stairs":1,"minecraft:stone":2536,"zombie_extreme:radio_installation":2,"minecraft:white_wool":63,"zombie_extreme:washing_machine":2,"zombie_extreme:ore_aluminum":11,"minecraft:podzol":1,"minecraft:scaffolding":1,"minecraft:glass_pane":2,"minecraft:smoker":1,"minecraft:amethyst_cluster":3,"minecraft:crafting_table":2,"minecraft:torch":1,"minecraft:blast_furnace":1,"minecraft:calcite":8,"minecraft:copper_ore":10,"farmersdelight:cabbages":2,"minecraft:tall_grass":3,"minecraft:cobblestone":10,"minecraft:lapis_ore":4,"minecraft:sugar_cane":17,"minecraft:cracked_deepslate_bricks":2,"minecraft:diorite":93,"minecraft:wall_torch":6,"farmersdelight:wild_beetroots":1,"zombie_extreme:metal_fence":1,"zombie_extreme:ore_tin":21,"zombie_extreme:thorium_ore":12,"minecraft:spruce_log":132,"minecraft:sweet_berry_bush":2,"minecraft:wheat":14,"zombie_extreme:ore_ruby":4,"horror_element_mod:human_remains":4,"minecraft:light_gray_wool":25,"minecraft:yellow_bed":4,"minecraft:wither_rose":1,"k_turrets:titanium_ore":14,"minecraft:grass":39,"minecraft:oak_log":6,"minecraft:coal_ore":98,"minecraft:beetroots":4,"minecraft:sand":5,"minecraft:dirt":7,"minecraft:cobweb":3,"minecraft:smooth_basalt":7,"minecraft:gold_ore":16}},"DataVersion":3120}